career_id (FK),skill_id (FK),frequency,weight
1,1,7,0.0231
1,3,31,0.1023
1,4,27,0.0891
1,5,8,0.0264
1,6,4,0.0132
1,7,3,0.0099
1,8,5,0.0165
1,9,9,0.0297
1,10,3,0.0099
1,11,5,0.0165
1,12,10,0.033
1,13,11,0.0363
1,14,1,0.0033
1,15,1,0.0033
1,16,5,0.0165
1,17,7,0.0231
1,18,33,0.1089
1,19,7,0.0231
1,21,2,0.0066
1,22,5,0.0165
1,24,17,0.0561
1,25,6,0.0198
1,26,22,0.0726
1,27,6,0.0198
1,28,3,0.0099
1,29,5,0.0165
1,32,5,0.0165
1,33,2,0.0066
1,34,4,0.0132
1,35,4,0.0132
1,36,9,0.0297
1,37,8,0.0264
1,38,4,0.0132
1,39,5,0.0165
1,40,9,0.0297
1,41,2,0.0066
1,42,22,0.0726
1,43,2,0.0066
1,44,3,0.0099
1,45,21,0.0693
1,46,16,0.0528
1,47,14,0.0462
1,48,4,0.0132
1,49,3,0.0099
1,50,2,0.0066
1,51,5,0.0165
1,52,11,0.0363
1,53,5,0.0165
1,54,2,0.0066
1,55,1,0.0033
1,56,10,0.033
1,57,1,0.0033
1,61,4,0.0132
1,62,22,0.0726
1,63,2,0.0066
1,64,7,0.0231
1,65,3,0.0099
1,66,6,0.0198
1,67,2,0.0066
1,68,10,0.033
1,69,16,0.0528
1,70,5,0.0165
1,71,5,0.0165
1,72,9,0.0297
1,73,15,0.0495
1,74,5,0.0165
1,76,19,0.0627
1,77,7,0.0231
1,78,37,0.1221
1,79,16,0.0528
1,80,10,0.033
1,81,8,0.0264
1,82,17,0.0561
1,83,4,0.0132
1,84,5,0.0165
1,85,4,0.0132
1,86,10,0.033
1,87,8,0.0264
1,88,5,0.0165
1,89,18,0.0594
1,90,1,0.0033
1,91,9,0.0297
1,92,10,0.033
1,93,10,0.033
1,94,7,0.0231
1,95,3,0.0099
1,96,8,0.0264
1,97,11,0.0363
1,98,33,0.1089
1,99,4,0.0132
1,100,14,0.0462
1,101,19,0.0627
1,102,13,0.0429
1,103,1,0.0033
1,104,9,0.0297
1,105,6,0.0198
1,106,7,0.0231
1,107,11,0.0363
1,108,2,0.0066
2,1,3,0.0156
2,3,8,0.0417
2,4,5,0.026
2,6,4,0.0208
2,7,1,0.0052
2,8,6,0.0312
2,9,3,0.0156
2,10,1,0.0052
2,11,17,0.0885
2,12,6,0.0312
2,13,7,0.0365
2,14,4,0.0208
2,15,3,0.0156
2,16,3,0.0156
2,17,3,0.0156
2,18,2,0.0104
2,19,6,0.0312
2,21,2,0.0104
2,22,2,0.0104
2,24,13,0.0677
2,25,5,0.026
2,26,17,0.0885
2,27,4,0.0208
2,28,2,0.0104
2,29,7,0.0365
2,30,3,0.0156
2,32,1,0.0052
2,33,5,0.026
2,35,24,0.125
2,36,5,0.026
2,37,1,0.0052
2,38,2,0.0104
2,39,3,0.0156
2,40,8,0.0417
2,41,2,0.0104
2,42,18,0.0938
2,43,3,0.0156
2,44,4,0.0208
2,45,1,0.0052
2,46,5,0.026
2,47,10,0.0521
2,48,1,0.0052
2,49,15,0.0781
2,50,2,0.0104
2,51,4,0.0208
2,52,6,0.0312
2,53,16,0.0833
2,54,2,0.0104
2,55,1,0.0052
2,56,5,0.026
2,57,4,0.0208
2,62,16,0.0833
2,63,3,0.0156
2,64,3,0.0156
2,65,3,0.0156
2,66,1,0.0052
2,67,6,0.0312
2,68,4,0.0208
2,69,16,0.0833
2,70,5,0.026
2,71,2,0.0104
2,72,9,0.0469
2,73,4,0.0208
2,74,6,0.0312
2,75,2,0.0104
2,76,3,0.0156
2,77,2,0.0104
2,78,5,0.026
2,79,3,0.0156
2,80,7,0.0365
2,81,3,0.0156
2,82,16,0.0833
2,83,2,0.0104
2,84,24,0.125
2,85,3,0.0156
2,86,9,0.0469
2,87,6,0.0312
2,88,1,0.0052
2,89,2,0.0104
2,90,4,0.0208
2,91,11,0.0573
2,92,2,0.0104
2,93,3,0.0156
2,95,1,0.0052
2,96,3,0.0156
2,97,16,0.0833
2,98,18,0.0938
2,99,5,0.026
2,100,3,0.0156
2,101,4,0.0208
2,102,3,0.0156
2,103,7,0.0365
2,104,12,0.0625
2,105,2,0.0104
2,106,5,0.026
2,107,5,0.026
2,108,3,0.0156
3,1,18,0.0496
3,3,6,0.0165
3,4,10,0.0275
3,5,1,0.0028
3,6,20,0.0551
3,7,10,0.0275
3,8,4,0.011
3,9,25,0.0689
3,10,4,0.011
3,11,14,0.0386
3,12,16,0.0441
3,13,13,0.0358
3,14,18,0.0496
3,15,6,0.0165
3,16,4,0.011
3,17,7,0.0193
3,18,7,0.0193
3,19,31,0.0854
3,21,7,0.0193
3,22,1,0.0028
3,24,19,0.0523
3,25,11,0.0303
3,26,16,0.0441
3,27,5,0.0138
3,28,29,0.0799
3,29,6,0.0165
3,30,4,0.011
3,32,5,0.0138
3,33,7,0.0193
3,34,3,0.0083
3,35,3,0.0083
3,36,27,0.0744
3,37,22,0.0606
3,38,14,0.0386
3,39,34,0.0937
3,40,12,0.0331
3,41,18,0.0496
3,42,24,0.0661
3,43,5,0.0138
3,44,5,0.0138
3,45,3,0.0083
3,46,12,0.0331
3,47,10,0.0275
3,48,21,0.0579
3,49,7,0.0193
3,50,22,0.0606
3,51,6,0.0165
3,52,12,0.0331
3,53,4,0.011
3,54,20,0.0551
3,55,7,0.0193
3,56,7,0.0193
3,57,5,0.0138
3,61,4,0.011
3,62,23,0.0634
3,63,5,0.0138
3,64,4,0.011
3,65,2,0.0055
3,66,5,0.0138
3,67,23,0.0634
3,68,5,0.0138
3,69,27,0.0744
3,70,8,0.022
3,71,5,0.0138
3,72,10,0.0275
3,73,3,0.0083
3,74,10,0.0275
3,75,6,0.0165
3,76,4,0.011
3,77,10,0.0275
3,78,13,0.0358
3,79,2,0.0055
3,80,17,0.0468
3,81,12,0.0331
3,82,28,0.0771
3,83,6,0.0165
3,84,4,0.011
3,85,2,0.0055
3,86,14,0.0386
3,87,21,0.0579
3,88,7,0.0193
3,89,10,0.0275
3,90,7,0.0193
3,91,13,0.0358
3,92,4,0.011
3,93,2,0.0055
3,95,3,0.0083
3,96,19,0.0523
3,97,9,0.0248
3,98,32,0.0882
3,99,7,0.0193
3,100,2,0.0055
3,101,6,0.0165
3,102,3,0.0083
3,103,12,0.0331
3,104,7,0.0193
3,105,5,0.0138
3,106,6,0.0165
3,107,8,0.022
3,108,6,0.0165
4,1,35,0.0467
4,3,12,0.016
4,4,17,0.0227
4,5,7,0.0093
4,6,31,0.0414
4,7,46,0.0614
4,8,15,0.02
4,9,10,0.0134
4,10,10,0.0134
4,11,32,0.0427
4,12,23,0.0307
4,13,13,0.0174
4,14,33,0.0441
4,15,11,0.0147
4,16,39,0.0521
4,17,12,0.016
4,18,22,0.0294
4,19,6,0.008
4,21,9,0.012
4,22,8,0.0107
4,24,51,0.0681
4,25,12,0.016
4,26,59,0.0788
4,27,10,0.0134
4,28,46,0.0614
4,29,42,0.0561
4,30,12,0.016
4,32,44,0.0587
4,33,14,0.0187
4,34,8,0.0107
4,35,27,0.036
4,36,17,0.0227
4,37,8,0.0107
4,38,32,0.0427
4,39,9,0.012
4,40,27,0.036
4,41,29,0.0387
4,42,57,0.0761
4,43,10,0.0134
4,44,11,0.0147
4,45,10,0.0134
4,46,22,0.0294
4,47,23,0.0307
4,48,34,0.0454
4,49,15,0.02
4,50,16,0.0214
4,51,8,0.0107
4,52,24,0.032
4,53,19,0.0254
4,54,34,0.0454
4,55,8,0.0107
4,56,17,0.0227
4,57,16,0.0214
4,61,12,0.016
4,62,50,0.0668
4,63,34,0.0454
4,64,39,0.0521
4,65,6,0.008
4,66,7,0.0093
4,67,9,0.012
4,68,9,0.012
4,69,52,0.0694
4,70,14,0.0187
4,71,12,0.016
4,72,34,0.0454
4,73,9,0.012
4,74,7,0.0093
4,75,44,0.0587
4,76,6,0.008
4,77,18,0.024
4,78,18,0.024
4,79,8,0.0107
4,80,33,0.0441
4,81,24,0.032
4,82,56,0.0748
4,83,11,0.0147
4,84,21,0.028
4,85,34,0.0454
4,86,30,0.0401
4,87,22,0.0294
4,88,16,0.0214
4,89,54,0.0721
4,90,35,0.0467
4,91,25,0.0334
4,92,8,0.0107
4,93,7,0.0093
4,94,9,0.012
4,95,7,0.0093
4,96,26,0.0347
4,97,14,0.0187
4,98,52,0.0694
4,99,6,0.008
4,100,8,0.0107
4,101,18,0.024
4,102,10,0.0134
4,103,47,0.0628
4,104,22,0.0294
4,105,8,0.0107
4,106,7,0.0093
4,107,14,0.0187
4,108,10,0.0134
5,1,2,0.0084
5,3,7,0.0293
5,4,7,0.0293
5,5,2,0.0084
5,6,6,0.0251
5,7,7,0.0293
5,8,6,0.0251
5,9,2,0.0084
5,10,18,0.0753
5,11,6,0.0251
5,12,11,0.046
5,13,10,0.0418
5,14,4,0.0167
5,15,3,0.0126
5,16,3,0.0126
5,17,8,0.0335
5,18,4,0.0167
5,19,6,0.0251
5,21,16,0.0669
5,22,9,0.0377
5,24,18,0.0753
5,25,4,0.0167
5,26,16,0.0669
5,27,6,0.0251
5,28,3,0.0126
5,29,3,0.0126
5,30,4,0.0167
5,32,5,0.0209
5,33,5,0.0209
5,34,3,0.0126
5,35,6,0.0251
5,36,5,0.0209
5,37,2,0.0084
5,38,4,0.0167
5,39,3,0.0126
5,40,7,0.0293
5,41,5,0.0209
5,42,23,0.0962
5,43,2,0.0084
5,44,5,0.0209
5,45,1,0.0042
5,46,7,0.0293
5,47,11,0.046
5,48,6,0.0251
5,49,3,0.0126
5,50,7,0.0293
5,51,16,0.0669
5,52,12,0.0502
5,53,5,0.0209
5,54,5,0.0209
5,55,4,0.0167
5,56,9,0.0377
5,57,5,0.0209
5,61,16,0.0669
5,62,16,0.0669
5,63,5,0.0209
5,64,5,0.0209
5,65,2,0.0084
5,66,1,0.0042
5,67,5,0.0209
5,68,5,0.0209
5,69,15,0.0628
5,70,7,0.0293
5,71,17,0.0711
5,72,8,0.0335
5,73,4,0.0167
5,74,20,0.0837
5,75,1,0.0042
5,76,2,0.0084
5,77,5,0.0209
5,78,5,0.0209
5,79,2,0.0084
5,80,10,0.0418
5,81,8,0.0335
5,82,15,0.0628
5,84,3,0.0126
5,85,2,0.0084
5,86,9,0.0377
5,87,12,0.0502
5,88,21,0.0879
5,89,1,0.0042
5,90,3,0.0126
5,91,12,0.0502
5,92,3,0.0126
5,93,1,0.0042
5,94,4,0.0167
5,95,7,0.0293
5,96,8,0.0335
5,97,5,0.0209
5,98,21,0.0879
5,99,4,0.0167
5,100,5,0.0209
5,101,9,0.0377
5,102,3,0.0126
5,103,3,0.0126
5,104,12,0.0502
5,105,6,0.0251
5,106,4,0.0167
5,107,5,0.0209
5,108,11,0.046
6,1,12,0.0121
6,2,50,0.0506
6,3,53,0.0536
6,4,66,0.0668
6,5,4,0.004
6,6,12,0.0121
6,7,8,0.0081
6,8,14,0.0142
6,9,14,0.0142
6,10,10,0.0101
6,11,4,0.004
6,12,3,0.003
6,13,5,0.0051
6,14,5,0.0051
6,15,7,0.0071
6,16,39,0.0395
6,17,22,0.0223
6,18,118,0.1194
6,19,16,0.0162
6,20,63,0.0638
6,21,6,0.0061
6,22,18,0.0182
6,23,76,0.0769
6,24,35,0.0354
6,25,13,0.0132
6,26,61,0.0617
6,27,13,0.0132
6,28,7,0.0071
6,29,37,0.0374
6,30,7,0.0071
6,31,59,0.0597
6,32,29,0.0294
6,33,13,0.0132
6,34,14,0.0142
6,35,15,0.0152
6,36,11,0.0111
6,37,12,0.0121
6,38,8,0.0081
6,39,10,0.0101
6,40,4,0.004
6,41,11,0.0111
6,42,44,0.0445
6,43,6,0.0061
6,44,11,0.0111
6,45,34,0.0344
6,46,10,0.0101
6,47,6,0.0061
6,48,11,0.0111
6,49,20,0.0202
6,50,11,0.0111
6,51,5,0.0051
6,52,4,0.004
6,53,13,0.0132
6,54,12,0.0121
6,55,10,0.0101
6,56,24,0.0243
6,57,9,0.0091
6,58,54,0.0547
6,59,81,0.082
6,60,53,0.0536
6,61,8,0.0081
6,62,44,0.0445
6,63,30,0.0304
6,64,38,0.0385
6,65,6,0.0061
6,66,8,0.0081
6,67,16,0.0162
6,68,29,0.0294
6,69,53,0.0536
6,70,7,0.0071
6,71,10,0.0101
6,72,6,0.0061
6,73,36,0.0364
6,74,8,0.0081
6,75,38,0.0385
6,76,42,0.0425
6,77,12,0.0121
6,78,68,0.0688
6,79,30,0.0304
6,80,90,0.0911
6,81,3,0.003
6,82,47,0.0476
6,83,6,0.0061
6,84,20,0.0202
6,85,37,0.0374
6,86,4,0.004
6,87,11,0.0111
6,88,11,0.0111
6,89,125,0.1265
6,90,41,0.0415
6,91,5,0.0051
6,92,42,0.0425
6,93,33,0.0334
6,94,6,0.0061
6,95,16,0.0162
6,96,6,0.0061
6,97,12,0.0121
6,98,39,0.0395
6,99,12,0.0121
6,100,40,0.0405
6,101,68,0.0688
6,102,28,0.0283
6,103,6,0.0061
6,104,11,0.0111
6,105,8,0.0081
6,106,2,0.002
6,107,22,0.0223
6,108,9,0.0091
7,1,6,0.0134
7,3,45,0.1004
7,4,48,0.1071
7,5,4,0.0089
7,6,8,0.0179
7,7,4,0.0089
7,8,14,0.0312
7,9,13,0.029
7,10,6,0.0134
7,11,5,0.0112
7,12,6,0.0134
7,13,2,0.0045
7,14,6,0.0134
7,15,2,0.0045
7,16,35,0.0781
7,17,17,0.0379
7,18,59,0.1317
7,19,7,0.0156
7,21,6,0.0134
7,22,9,0.0201
7,24,12,0.0268
7,25,10,0.0223
7,26,12,0.0268
7,27,4,0.0089
7,28,5,0.0112
7,29,27,0.0603
7,30,2,0.0045
7,32,20,0.0446
7,33,9,0.0201
7,34,6,0.0134
7,35,7,0.0156
7,36,7,0.0156
7,37,10,0.0223
7,38,5,0.0112
7,39,4,0.0089
7,40,2,0.0045
7,41,7,0.0156
7,42,3,0.0067
7,43,7,0.0156
7,44,10,0.0223
7,45,25,0.0558
7,46,4,0.0089
7,47,4,0.0089
7,48,5,0.0112
7,49,15,0.0335
7,50,12,0.0268
7,51,9,0.0201
7,52,4,0.0089
7,53,7,0.0156
7,54,8,0.0179
7,55,1,0.0022
7,56,15,0.0335
7,57,7,0.0156
7,61,8,0.0179
7,62,13,0.029
7,63,18,0.0402
7,64,28,0.0625
7,65,2,0.0045
7,66,2,0.0045
7,67,7,0.0156
7,68,31,0.0692
7,69,10,0.0223
7,70,7,0.0156
7,71,6,0.0134
7,72,5,0.0112
7,73,31,0.0692
7,74,13,0.029
7,75,27,0.0603
7,76,30,0.067
7,77,12,0.0268
7,78,53,0.1183
7,79,25,0.0558
7,80,7,0.0156
7,81,4,0.0089
7,82,8,0.0179
7,83,6,0.0134
7,84,12,0.0268
7,85,41,0.0915
7,86,3,0.0067
7,87,4,0.0089
7,88,9,0.0201
7,89,56,0.125
7,90,29,0.0647
7,91,4,0.0089
7,92,18,0.0402
7,93,30,0.067
7,94,5,0.0112
7,95,8,0.0179
7,96,3,0.0067
7,97,10,0.0223
7,98,12,0.0268
7,99,8,0.0179
7,100,26,0.058
7,101,45,0.1004
7,102,26,0.058
7,103,15,0.0335
7,104,3,0.0067
7,105,5,0.0112
7,106,4,0.0089
7,107,12,0.0268
7,108,6,0.0134
8,1,29,0.0427
8,3,12,0.0177
8,4,19,0.028
8,5,9,0.0133
8,6,34,0.0501
8,7,30,0.0442
8,8,62,0.0913
8,9,11,0.0162
8,10,14,0.0206
8,11,6,0.0088
8,12,7,0.0103
8,13,6,0.0088
8,14,30,0.0442
8,15,9,0.0133
8,16,40,0.0589
8,17,49,0.0722
8,18,13,0.0191
8,19,16,0.0236
8,21,10,0.0147
8,22,42,0.0619
8,24,13,0.0191
8,25,69,0.1016
8,26,15,0.0221
8,27,12,0.0177
8,28,27,0.0398
8,29,45,0.0663
8,30,8,0.0118
8,32,40,0.0589
8,33,42,0.0619
8,34,9,0.0133
8,35,12,0.0177
8,36,12,0.0177
8,37,12,0.0177
8,38,37,0.0545
8,39,11,0.0162
8,40,9,0.0133
8,41,19,0.028
8,42,11,0.0162
8,43,5,0.0074
8,44,46,0.0677
8,45,4,0.0059
8,46,9,0.0133
8,47,7,0.0103
8,48,40,0.0589
8,49,16,0.0236
8,50,10,0.0147
8,51,9,0.0133
8,52,6,0.0088
8,53,15,0.0221
8,54,37,0.0545
8,55,10,0.0147
8,56,51,0.0751
8,57,31,0.0457
8,61,14,0.0206
8,62,13,0.0191
8,63,30,0.0442
8,64,44,0.0648
8,65,6,0.0088
8,66,8,0.0118
8,67,15,0.0221
8,68,7,0.0103
8,69,14,0.0206
8,70,42,0.0619
8,71,9,0.0133
8,72,6,0.0088
8,73,9,0.0133
8,74,7,0.0103
8,75,30,0.0442
8,76,10,0.0147
8,77,51,0.0751
8,78,14,0.0206
8,79,6,0.0088
8,80,7,0.0103
8,81,7,0.0103
8,82,12,0.0177
8,83,10,0.0147
8,84,18,0.0265
8,85,38,0.056
8,86,5,0.0074
8,87,5,0.0074
8,88,12,0.0177
8,89,46,0.0677
8,90,40,0.0589
8,91,6,0.0088
8,92,10,0.0147
8,93,9,0.0133
8,94,10,0.0147
8,95,29,0.0427
8,96,3,0.0044
8,97,18,0.0265
8,98,11,0.0162
8,99,52,0.0766
8,100,6,0.0088
8,101,13,0.0191
8,102,6,0.0088
8,103,37,0.0545
8,104,3,0.0044
8,105,40,0.0589
8,106,12,0.0177
8,107,65,0.0957
8,108,8,0.0118
9,1,5,0.0177
9,3,12,0.0424
9,4,11,0.0389
9,5,5,0.0177
9,6,4,0.0141
9,7,7,0.0247
9,8,7,0.0247
9,9,7,0.0247
9,10,7,0.0247
9,11,9,0.0318
9,12,11,0.0389
9,13,11,0.0389
9,14,4,0.0141
9,15,1,0.0035
9,16,3,0.0106
9,17,4,0.0141
9,18,10,0.0353
9,19,5,0.0177
9,21,6,0.0212
9,22,1,0.0035
9,24,21,0.0742
9,25,9,0.0318
9,26,22,0.0777
9,27,3,0.0106
9,28,3,0.0106
9,29,5,0.0177
9,30,2,0.0071
9,32,3,0.0106
9,33,6,0.0212
9,34,3,0.0106
9,35,5,0.0177
9,36,4,0.0141
9,37,4,0.0141
9,38,4,0.0141
9,39,6,0.0212
9,40,7,0.0247
9,41,1,0.0035
9,42,18,0.0636
9,43,2,0.0071
9,44,7,0.0247
9,45,21,0.0742
9,46,10,0.0353
9,47,6,0.0212
9,48,2,0.0071
9,49,11,0.0389
9,50,7,0.0247
9,51,1,0.0035
9,52,11,0.0389
9,53,11,0.0389
9,54,2,0.0071
9,55,8,0.0283
9,56,6,0.0212
9,57,5,0.0177
9,61,7,0.0247
9,62,24,0.0848
9,63,2,0.0071
9,64,6,0.0212
9,65,10,0.0353
9,66,3,0.0106
9,67,6,0.0212
9,68,18,0.0636
9,69,22,0.0777
9,70,7,0.0247
9,71,8,0.0283
9,72,9,0.0318
9,73,18,0.0636
9,74,10,0.0353
9,75,4,0.0141
9,76,11,0.0389
9,77,5,0.0177
9,78,5,0.0177
9,79,14,0.0495
9,80,12,0.0424
9,81,16,0.0565
9,82,17,0.0601
9,83,6,0.0212
9,84,10,0.0353
9,85,1,0.0035
9,86,8,0.0283
9,87,14,0.0495
9,88,6,0.0212
9,89,24,0.0848
9,90,4,0.0141
9,91,9,0.0318
9,92,9,0.0318
9,93,16,0.0565
9,94,4,0.0141
9,95,3,0.0106
9,96,11,0.0389
9,97,9,0.0318
9,98,22,0.0777
9,99,9,0.0318
9,100,17,0.0601
9,101,6,0.0212
9,102,20,0.0707
9,103,4,0.0141
9,104,12,0.0424
9,105,3,0.0106
9,106,3,0.0106
9,107,6,0.0212
9,108,5,0.0177
10,1,4,0.0201
10,3,4,0.0201
10,4,7,0.0352
10,5,1,0.005
10,6,2,0.0101
10,7,2,0.0101
10,8,6,0.0302
10,9,9,0.0452
10,10,14,0.0704
10,11,8,0.0402
10,12,9,0.0452
10,13,6,0.0302
10,14,5,0.0251
10,15,2,0.0101
10,16,4,0.0201
10,17,4,0.0201
10,18,8,0.0402
10,19,3,0.0151
10,21,16,0.0804
10,22,5,0.0251
10,24,25,0.1256
10,25,3,0.0151
10,26,10,0.0503
10,27,1,0.005
10,28,1,0.005
10,29,5,0.0251
10,30,2,0.0101
10,32,1,0.005
10,33,3,0.0151
10,34,1,0.005
10,35,4,0.0201
10,36,5,0.0251
10,37,4,0.0201
10,38,2,0.0101
10,39,8,0.0402
10,40,3,0.0151
10,41,1,0.005
10,42,16,0.0804
10,43,1,0.005
10,44,3,0.0151
10,45,1,0.005
10,46,8,0.0402
10,47,10,0.0503
10,48,5,0.0251
10,49,6,0.0302
10,50,6,0.0302
10,51,15,0.0754
10,52,11,0.0553
10,53,8,0.0402
10,54,6,0.0302
10,55,3,0.0151
10,56,4,0.0201
10,57,3,0.0151
10,61,12,0.0603
10,62,10,0.0503
10,63,5,0.0251
10,64,3,0.0151
10,65,1,0.005
10,66,2,0.0101
10,67,6,0.0302
10,68,3,0.0151
10,69,16,0.0804
10,70,4,0.0201
10,71,9,0.0452
10,72,8,0.0402
10,73,5,0.0251
10,74,11,0.0553
10,76,1,0.005
10,77,4,0.0201
10,78,4,0.0201
10,79,2,0.0101
10,80,10,0.0503
10,81,4,0.0201
10,82,16,0.0804
10,83,2,0.0101
10,84,7,0.0352
10,85,2,0.0101
10,86,10,0.0503
10,87,7,0.0352
10,88,12,0.0603
10,89,5,0.0251
10,90,3,0.0151
10,91,12,0.0603
10,92,2,0.0101
10,93,7,0.0352
10,95,6,0.0302
10,96,11,0.0553
10,97,4,0.0201
10,98,15,0.0754
10,100,6,0.0302
10,101,5,0.0251
10,102,5,0.0251
10,103,1,0.005
10,104,4,0.0201
10,105,1,0.005
10,106,3,0.0151
10,107,6,0.0302
10,108,14,0.0704
11,1,10,0.0171
11,3,57,0.0974
11,4,58,0.0991
11,5,7,0.012
11,6,6,0.0103
11,7,5,0.0085
11,8,42,0.0718
11,9,12,0.0205
11,10,35,0.0598
11,11,6,0.0103
11,12,5,0.0085
11,13,7,0.012
11,14,10,0.0171
11,15,5,0.0085
11,16,4,0.0068
11,17,38,0.065
11,18,60,0.1026
11,19,10,0.0171
11,21,39,0.0667
11,22,48,0.0821
11,24,13,0.0222
11,25,48,0.0821
11,26,10,0.0171
11,27,7,0.012
11,28,6,0.0103
11,29,9,0.0154
11,30,3,0.0051
11,32,10,0.0171
11,33,44,0.0752
11,34,7,0.012
11,35,10,0.0171
11,36,10,0.0171
11,37,12,0.0205
11,38,7,0.012
11,39,8,0.0137
11,40,4,0.0068
11,41,5,0.0085
11,42,17,0.0291
11,43,11,0.0188
11,44,37,0.0632
11,45,6,0.0103
11,46,7,0.012
11,47,7,0.012
11,48,8,0.0137
11,49,6,0.0103
11,50,12,0.0205
11,51,36,0.0615
11,52,7,0.012
11,53,13,0.0222
11,54,10,0.0171
11,55,4,0.0068
11,56,51,0.0872
11,57,33,0.0564
11,61,42,0.0718
11,62,14,0.0239
11,63,8,0.0137
11,64,5,0.0085
11,65,5,0.0085
11,66,5,0.0085
11,67,7,0.012
11,68,9,0.0154
11,69,10,0.0171
11,70,31,0.053
11,71,36,0.0615
11,72,7,0.012
11,73,8,0.0137
11,74,37,0.0632
11,75,6,0.0103
11,76,7,0.012
11,77,45,0.0769
11,78,53,0.0906
11,79,5,0.0085
11,80,4,0.0068
11,81,5,0.0085
11,82,13,0.0222
11,83,5,0.0085
11,84,10,0.0171
11,85,14,0.0239
11,86,5,0.0085
11,87,3,0.0051
11,88,29,0.0496
11,89,22,0.0376
11,90,5,0.0085
11,91,4,0.0068
11,92,7,0.012
11,93,8,0.0137
11,94,3,0.0051
11,95,36,0.0615
11,96,3,0.0051
11,97,19,0.0325
11,98,13,0.0222
11,99,34,0.0581
11,100,5,0.0085
11,101,58,0.0991
11,102,6,0.0103
11,103,7,0.012
11,104,4,0.0068
11,105,36,0.0615
11,106,5,0.0085
11,107,42,0.0718
11,108,52,0.0889
12,1,9,0.0132
12,3,60,0.088
12,4,70,0.1026
12,5,5,0.0073
12,6,7,0.0103
12,7,14,0.0205
12,8,7,0.0103
12,9,14,0.0205
12,10,14,0.0205
12,11,20,0.0293
12,12,26,0.0381
12,13,21,0.0308
12,14,11,0.0161
12,15,10,0.0147
12,16,44,0.0645
12,17,8,0.0117
12,18,64,0.0938
12,19,12,0.0176
12,21,12,0.0176
12,22,12,0.0176
12,24,6,0.0088
12,25,18,0.0264
12,26,12,0.0176
12,27,11,0.0161
12,28,5,0.0073
12,29,31,0.0455
12,30,6,0.0088
12,32,33,0.0484
12,33,18,0.0264
12,34,5,0.0073
12,35,12,0.0176
12,36,10,0.0147
12,37,9,0.0132
12,38,9,0.0132
12,39,12,0.0176
12,40,22,0.0323
12,41,4,0.0059
12,42,18,0.0264
12,43,6,0.0088
12,44,11,0.0161
12,45,34,0.0499
12,46,10,0.0147
12,47,16,0.0235
12,48,8,0.0117
12,49,19,0.0279
12,50,12,0.0176
12,51,5,0.0073
12,52,26,0.0381
12,53,16,0.0235
12,54,12,0.0176
12,55,4,0.0059
12,56,14,0.0205
12,57,8,0.0117
12,61,7,0.0103
12,62,14,0.0205
12,63,39,0.0572
12,64,40,0.0587
12,65,10,0.0147
12,66,6,0.0088
12,67,16,0.0235
12,68,38,0.0557
12,69,15,0.022
12,70,5,0.0073
12,71,17,0.0249
12,72,19,0.0279
12,73,37,0.0543
12,74,4,0.0059
12,75,31,0.0455
12,76,31,0.0455
12,77,15,0.022
12,78,71,0.1041
12,79,36,0.0528
12,80,29,0.0425
12,81,27,0.0396
12,82,12,0.0176
12,83,6,0.0088
12,84,17,0.0249
12,85,34,0.0499
12,86,23,0.0337
12,87,23,0.0337
12,88,10,0.0147
12,89,65,0.0953
12,90,38,0.0557
12,91,22,0.0323
12,92,44,0.0645
12,93,39,0.0572
12,94,9,0.0132
12,95,10,0.0147
12,96,19,0.0279
12,97,19,0.0279
12,98,12,0.0176
12,99,13,0.0191
12,100,23,0.0337
12,101,74,0.1085
12,102,42,0.0616
12,103,4,0.0059
12,104,25,0.0367
12,105,9,0.0132
12,106,6,0.0088
12,107,8,0.0117
12,108,14,0.0205
13,1,29,0.0496
13,3,15,0.0256
13,4,12,0.0205
13,5,7,0.012
13,6,26,0.0444
13,7,35,0.0598
13,8,11,0.0188
13,9,10,0.0171
13,10,4,0.0068
13,11,22,0.0376
13,12,20,0.0342
13,13,27,0.0462
13,14,33,0.0564
13,15,10,0.0171
13,16,39,0.0667
13,17,12,0.0205
13,18,13,0.0222
13,19,12,0.0205
13,21,3,0.0051
13,22,7,0.012
13,24,14,0.0239
13,25,14,0.0239
13,26,9,0.0154
13,27,8,0.0137
13,28,21,0.0359
13,29,33,0.0564
13,30,6,0.0103
13,32,35,0.0598
13,33,14,0.0239
13,34,5,0.0085
13,35,19,0.0325
13,36,7,0.012
13,37,8,0.0137
13,38,29,0.0496
13,39,5,0.0085
13,40,27,0.0462
13,41,29,0.0496
13,42,7,0.012
13,43,4,0.0068
13,44,12,0.0205
13,45,35,0.0598
13,46,19,0.0325
13,47,23,0.0393
13,48,30,0.0513
13,49,12,0.0205
13,50,13,0.0222
13,51,8,0.0137
13,52,21,0.0359
13,53,19,0.0325
13,54,26,0.0444
13,55,5,0.0085
13,56,15,0.0256
13,57,11,0.0188
13,61,7,0.012
13,62,10,0.0171
13,63,25,0.0427
13,64,37,0.0632
13,65,7,0.012
13,66,3,0.0051
13,67,15,0.0256
13,68,24,0.041
13,69,7,0.012
13,70,4,0.0068
13,71,9,0.0154
13,72,21,0.0359
13,73,20,0.0342
13,74,6,0.0103
13,75,31,0.053
13,76,42,0.0718
13,77,19,0.0325
13,78,19,0.0325
13,79,24,0.041
13,80,11,0.0188
13,81,17,0.0291
13,82,18,0.0308
13,83,5,0.0085
13,84,13,0.0222
13,85,33,0.0564
13,86,17,0.0291
13,87,14,0.0239
13,88,10,0.0171
13,89,58,0.0991
13,90,40,0.0684
13,91,21,0.0359
13,92,29,0.0496
13,93,39,0.0667
13,94,4,0.0068
13,95,12,0.0205
13,96,20,0.0342
13,97,19,0.0325
13,98,10,0.0171
13,99,11,0.0188
13,100,25,0.0427
13,101,13,0.0222
13,102,30,0.0513
13,103,27,0.0462
13,104,19,0.0325
13,105,5,0.0085
13,106,2,0.0034
13,107,9,0.0154
13,108,10,0.0171
14,1,8,0.0085
14,2,51,0.054
14,3,66,0.0698
14,4,61,0.0646
14,5,10,0.0106
14,6,15,0.0159
14,7,5,0.0053
14,8,66,0.0698
14,9,11,0.0116
14,10,9,0.0095
14,11,5,0.0053
14,12,4,0.0042
14,13,5,0.0053
14,14,13,0.0138
14,15,10,0.0106
14,16,42,0.0444
14,17,46,0.0487
14,18,129,0.1365
14,19,15,0.0159
14,20,65,0.0688
14,21,11,0.0116
14,22,18,0.019
14,23,80,0.0847
14,24,11,0.0116
14,25,46,0.0487
14,26,15,0.0159
14,27,6,0.0063
14,28,11,0.0116
14,29,38,0.0402
14,30,9,0.0095
14,31,49,0.0519
14,32,33,0.0349
14,33,18,0.019
14,34,11,0.0116
14,35,26,0.0275
14,36,12,0.0127
14,37,11,0.0116
14,38,6,0.0063
14,39,14,0.0148
14,40,3,0.0032
14,41,10,0.0106
14,42,7,0.0074
14,43,9,0.0095
14,44,8,0.0085
14,45,11,0.0116
14,46,6,0.0063
14,47,8,0.0085
14,48,10,0.0106
14,49,15,0.0159
14,50,18,0.019
14,51,10,0.0106
14,52,5,0.0053
14,53,19,0.0201
14,54,7,0.0074
14,55,9,0.0095
14,56,53,0.0561
14,57,10,0.0106
14,58,61,0.0646
14,59,70,0.0741
14,60,69,0.073
14,61,11,0.0116
14,62,18,0.019
14,63,36,0.0381
14,64,34,0.036
14,65,8,0.0085
14,66,8,0.0085
14,67,10,0.0106
14,68,17,0.018
14,69,15,0.0159
14,70,14,0.0148
14,71,11,0.0116
14,72,7,0.0074
14,73,12,0.0127
14,74,12,0.0127
14,75,32,0.0339
14,76,14,0.0148
14,77,58,0.0614
14,78,64,0.0677
14,79,5,0.0053
14,80,95,0.1005
14,81,4,0.0042
14,82,15,0.0159
14,83,6,0.0063
14,84,16,0.0169
14,85,35,0.037
14,86,4,0.0042
14,87,6,0.0063
14,88,12,0.0127
14,89,134,0.1418
14,90,34,0.036
14,91,8,0.0085
14,92,10,0.0106
14,93,7,0.0074
14,94,13,0.0138
14,95,10,0.0106
14,96,7,0.0074
14,97,24,0.0254
14,98,9,0.0095
14,99,10,0.0106
14,100,10,0.0106
14,101,83,0.0878
14,102,7,0.0074
14,103,6,0.0063
14,104,5,0.0053
14,105,9,0.0095
14,106,11,0.0116
14,107,56,0.0593
14,108,10,0.0106
15,1,10,0.0139
15,3,13,0.0181
15,4,13,0.0181
15,5,5,0.007
15,6,11,0.0153
15,7,4,0.0056
15,8,19,0.0265
15,9,16,0.0223
15,10,11,0.0153
15,11,26,0.0362
15,12,27,0.0376
15,13,19,0.0265
15,14,10,0.0139
15,15,8,0.0111
15,16,38,0.0529
15,17,11,0.0153
15,18,14,0.0195
15,19,10,0.0139
15,21,10,0.0139
15,22,6,0.0084
15,24,44,0.0613
15,25,11,0.0153
15,26,66,0.0919
15,27,9,0.0125
15,28,6,0.0084
15,29,42,0.0585
15,30,7,0.0097
15,32,40,0.0557
15,33,13,0.0181
15,34,13,0.0181
15,35,21,0.0292
15,36,11,0.0153
15,37,7,0.0097
15,38,10,0.0139
15,39,10,0.0139
15,40,23,0.032
15,41,10,0.0139
15,42,57,0.0794
15,43,4,0.0056
15,44,10,0.0139
15,45,38,0.0529
15,46,16,0.0223
15,47,19,0.0265
15,48,15,0.0209
15,49,21,0.0292
15,50,15,0.0209
15,51,8,0.0111
15,52,24,0.0334
15,53,20,0.0279
15,54,16,0.0223
15,55,3,0.0042
15,56,16,0.0223
15,57,12,0.0167
15,61,13,0.0181
15,62,48,0.0669
15,63,46,0.0641
15,64,37,0.0515
15,65,6,0.0084
15,66,7,0.0097
15,67,18,0.0251
15,68,34,0.0474
15,69,37,0.0515
15,70,8,0.0111
15,71,18,0.0251
15,72,26,0.0362
15,73,27,0.0376
15,74,6,0.0084
15,75,37,0.0515
15,76,30,0.0418
15,77,14,0.0195
15,78,20,0.0279
15,79,40,0.0557
15,80,24,0.0334
15,81,28,0.039
15,82,50,0.0696
15,83,6,0.0084
15,84,11,0.0153
15,85,34,0.0474
15,86,26,0.0362
15,87,21,0.0292
15,88,12,0.0167
15,89,78,0.1086
15,90,48,0.0669
15,91,20,0.0279
15,92,29,0.0404
15,93,29,0.0404
15,94,8,0.0111
15,95,10,0.0139
15,96,25,0.0348
15,97,17,0.0237
15,98,53,0.0738
15,99,8,0.0111
15,100,29,0.0404
15,101,20,0.0279
15,102,39,0.0543
15,103,9,0.0125
15,104,26,0.0362
15,105,12,0.0167
15,106,5,0.007
15,107,18,0.0251
15,108,6,0.0084
16,1,22,0.045
16,3,12,0.0245
16,4,15,0.0307
16,5,4,0.0082
16,6,26,0.0532
16,7,26,0.0532
16,8,41,0.0838
16,9,10,0.0204
16,10,4,0.0082
16,11,21,0.0429
16,12,18,0.0368
16,13,11,0.0225
16,14,17,0.0348
16,15,4,0.0082
16,16,32,0.0654
16,17,30,0.0613
16,18,12,0.0245
16,19,8,0.0164
16,21,9,0.0184
16,22,7,0.0143
16,24,12,0.0245
16,25,44,0.09
16,26,6,0.0123
16,27,5,0.0102
16,28,22,0.045
16,29,25,0.0511
16,30,6,0.0123
16,32,23,0.047
16,33,8,0.0164
16,34,1,0.002
16,35,13,0.0266
16,36,6,0.0123
16,37,14,0.0286
16,38,23,0.047
16,39,5,0.0102
16,40,14,0.0286
16,41,24,0.0491
16,42,7,0.0143
16,43,6,0.0123
16,44,10,0.0204
16,45,2,0.0041
16,46,22,0.045
16,47,23,0.047
16,48,23,0.047
16,49,13,0.0266
16,50,9,0.0184
16,51,10,0.0204
16,52,17,0.0348
16,53,11,0.0225
16,54,31,0.0634
16,55,11,0.0225
16,56,38,0.0777
16,57,7,0.0143
16,61,10,0.0204
16,62,12,0.0245
16,63,21,0.0429
16,64,27,0.0552
16,65,2,0.0041
16,66,11,0.0225
16,67,10,0.0204
16,68,9,0.0184
16,69,7,0.0143
16,70,3,0.0061
16,71,6,0.0123
16,72,14,0.0286
16,73,7,0.0143
16,74,9,0.0184
16,75,27,0.0552
16,76,8,0.0164
16,77,47,0.0961
16,78,10,0.0204
16,79,11,0.0225
16,80,15,0.0307
16,81,19,0.0389
16,82,18,0.0368
16,83,3,0.0061
16,84,11,0.0225
16,85,28,0.0573
16,86,18,0.0368
16,87,18,0.0368
16,88,5,0.0102
16,89,38,0.0777
16,90,24,0.0491
16,91,11,0.0225
16,92,3,0.0061
16,93,9,0.0184
16,94,3,0.0061
16,95,8,0.0164
16,96,10,0.0204
16,97,13,0.0266
16,98,9,0.0184
16,99,7,0.0143
16,100,9,0.0184
16,101,18,0.0368
16,102,2,0.0041
16,103,24,0.0491
16,104,17,0.0348
16,105,4,0.0082
16,106,3,0.0061
16,107,38,0.0777
16,108,2,0.0041
17,1,26,0.0433
17,3,9,0.015
17,4,12,0.02
17,5,9,0.015
17,6,32,0.0533
17,7,32,0.0533
17,8,53,0.0883
17,9,51,0.085
17,10,9,0.015
17,11,18,0.03
17,12,19,0.0317
17,13,18,0.03
17,14,32,0.0533
17,15,6,0.01
17,16,9,0.015
17,17,54,0.09
17,18,16,0.0267
17,19,43,0.0717
17,21,9,0.015
17,22,7,0.0117
17,24,10,0.0167
17,25,53,0.0883
17,26,9,0.015
17,27,7,0.0117
17,28,29,0.0483
17,29,7,0.0117
17,30,4,0.0067
17,32,9,0.015
17,33,9,0.015
17,34,5,0.0083
17,35,19,0.0317
17,36,38,0.0633
17,37,39,0.065
17,38,25,0.0417
17,39,47,0.0783
17,40,14,0.0233
17,41,26,0.0433
17,42,18,0.03
17,43,6,0.01
17,44,3,0.005
17,45,5,0.0083
17,46,21,0.035
17,47,19,0.0317
17,48,20,0.0333
17,49,18,0.03
17,50,52,0.0867
17,51,9,0.015
17,52,12,0.02
17,53,5,0.0083
17,54,36,0.06
17,55,3,0.005
17,56,45,0.075
17,57,5,0.0083
17,61,9,0.015
17,62,6,0.01
17,63,12,0.02
17,64,7,0.0117
17,65,6,0.01
17,66,12,0.02
17,67,50,0.0833
17,68,8,0.0133
17,69,10,0.0167
17,70,9,0.015
17,71,8,0.0133
17,72,20,0.0333
17,73,15,0.025
17,74,6,0.01
17,75,5,0.0083
17,76,9,0.015
17,77,53,0.0883
17,78,14,0.0233
17,79,6,0.01
17,80,22,0.0367
17,81,12,0.02
17,82,11,0.0183
17,83,9,0.015
17,84,16,0.0267
17,85,8,0.0133
17,86,24,0.04
17,87,22,0.0367
17,88,14,0.0233
17,89,16,0.0267
17,90,10,0.0167
17,91,18,0.03
17,92,10,0.0167
17,93,7,0.0117
17,94,8,0.0133
17,95,6,0.01
17,96,20,0.0333
17,97,17,0.0283
17,98,6,0.01
17,99,12,0.02
17,100,8,0.0133
17,101,23,0.0383
17,102,7,0.0117
17,103,25,0.0417
17,104,16,0.0267
17,105,8,0.0133
17,106,3,0.005
17,107,48,0.08
17,108,10,0.0167
18,1,2,0.0087
18,3,5,0.0216
18,4,8,0.0346
18,5,2,0.0087
18,6,4,0.0173
18,7,1,0.0043
18,8,21,0.0909
18,9,6,0.026
18,11,2,0.0087
18,12,5,0.0216
18,13,2,0.0087
18,14,2,0.0087
18,15,4,0.0173
18,16,3,0.013
18,17,16,0.0693
18,18,3,0.013
18,19,1,0.0043
18,21,4,0.0173
18,22,18,0.0779
18,24,14,0.0606
18,25,18,0.0779
18,26,9,0.039
18,27,2,0.0087
18,28,2,0.0087
18,29,3,0.013
18,30,1,0.0043
18,32,2,0.0087
18,33,15,0.0649
18,34,4,0.0173
18,35,6,0.026
18,36,4,0.0173
18,37,5,0.0216
18,38,5,0.0216
18,39,9,0.039
18,40,7,0.0303
18,41,1,0.0043
18,42,16,0.0693
18,43,7,0.0303
18,44,20,0.0866
18,45,5,0.0216
18,46,6,0.026
18,47,10,0.0433
18,48,5,0.0216
18,49,6,0.026
18,50,2,0.0087
18,51,5,0.0216
18,52,3,0.013
18,53,4,0.0173
18,54,6,0.026
18,55,4,0.0173
18,56,24,0.1039
18,57,13,0.0563
18,61,6,0.026
18,62,23,0.0996
18,63,8,0.0346
18,64,1,0.0043
18,65,1,0.0043
18,66,2,0.0087
18,67,6,0.026
18,68,1,0.0043
18,69,20,0.0866
18,70,5,0.0216
18,71,4,0.0173
18,72,7,0.0303
18,73,2,0.0087
18,74,6,0.026
18,75,2,0.0087
18,76,2,0.0087
18,77,23,0.0996
18,78,7,0.0303
18,79,4,0.0173
18,80,7,0.0303
18,81,13,0.0563
18,82,17,0.0736
18,83,1,0.0043
18,84,8,0.0346
18,85,1,0.0043
18,86,11,0.0476
18,87,7,0.0303
18,88,2,0.0087
18,89,8,0.0346
18,90,3,0.013
18,91,5,0.0216
18,92,5,0.0216
18,93,1,0.0043
18,94,2,0.0087
18,95,13,0.0563
18,96,8,0.0346
18,97,5,0.0216
18,98,13,0.0563
18,99,20,0.0866
18,100,4,0.0173
18,101,6,0.026
18,102,4,0.0173
18,103,1,0.0043
18,104,8,0.0346
18,105,13,0.0563
18,106,1,0.0043
18,107,16,0.0693
18,108,4,0.0173
19,1,20,0.0707
19,3,47,0.1661
19,4,20,0.0707
19,5,5,0.0177
19,6,14,0.0495
19,7,15,0.053
19,8,17,0.0601
19,9,7,0.0247
19,10,2,0.0071
19,11,3,0.0106
19,13,6,0.0212
19,14,15,0.053
19,15,5,0.0177
19,16,6,0.0212
19,17,9,0.0318
19,18,38,0.1343
19,19,9,0.0318
19,21,9,0.0318
19,22,5,0.0177
19,24,22,0.0777
19,25,4,0.0141
19,26,22,0.0777
19,27,4,0.0141
19,28,18,0.0636
19,29,7,0.0247
19,30,1,0.0035
19,32,5,0.0177
19,33,5,0.0177
19,34,4,0.0141
19,35,8,0.0283
19,36,12,0.0424
19,37,4,0.0141
19,38,20,0.0707
19,39,8,0.0283
19,40,2,0.0071
19,41,15,0.053
19,42,18,0.0636
19,43,6,0.0212
19,44,4,0.0141
19,45,5,0.0177
19,46,3,0.0106
19,47,2,0.0071
19,48,22,0.0777
19,49,8,0.0283
19,50,4,0.0141
19,51,6,0.0212
19,52,2,0.0071
19,53,5,0.0177
19,54,13,0.0459
19,55,3,0.0106
19,56,8,0.0283
19,57,5,0.0177
19,61,5,0.0177
19,62,19,0.0671
19,63,7,0.0247
19,64,2,0.0071
19,65,1,0.0035
19,66,5,0.0177
19,67,2,0.0071
19,68,3,0.0106
19,69,23,0.0813
19,70,4,0.0141
19,71,2,0.0071
19,73,1,0.0035
19,74,3,0.0106
19,75,2,0.0071
19,76,1,0.0035
19,77,2,0.0071
19,78,29,0.1025
19,79,5,0.0177
19,80,4,0.0141
19,81,3,0.0106
19,82,19,0.0671
19,83,2,0.0071
19,84,7,0.0247
19,85,2,0.0071
19,86,3,0.0106
19,87,2,0.0071
19,88,4,0.0141
19,89,13,0.0459
19,90,2,0.0071
19,91,2,0.0071
19,92,5,0.0177
19,93,4,0.0141
19,94,3,0.0106
19,95,4,0.0141
19,96,5,0.0177
19,97,14,0.0495
19,98,19,0.0671
19,99,4,0.0141
19,100,4,0.0141
19,101,20,0.0707
19,103,13,0.0459
19,104,2,0.0071
19,105,9,0.0318
19,106,1,0.0035
19,107,5,0.0177
19,108,5,0.0177
20,1,7,0.0366
20,3,7,0.0366
20,4,9,0.0471
20,5,1,0.0052
20,6,2,0.0105
20,7,1,0.0052
20,8,17,0.089
20,9,4,0.0209
20,10,4,0.0209
20,11,9,0.0471
20,12,7,0.0366
20,13,4,0.0209
20,15,1,0.0052
20,16,4,0.0209
20,17,22,0.1152
20,18,6,0.0314
20,19,4,0.0209
20,21,9,0.0471
20,22,6,0.0314
20,24,11,0.0576
20,25,16,0.0838
20,26,10,0.0524
20,27,3,0.0157
20,28,2,0.0105
20,29,2,0.0105
20,32,8,0.0419
20,33,4,0.0209
20,34,2,0.0105
20,35,4,0.0209
20,36,5,0.0262
20,37,3,0.0157
20,39,7,0.0366
20,40,5,0.0262
20,41,2,0.0105
20,42,19,0.0995
20,43,1,0.0052
20,44,2,0.0105
20,45,5,0.0262
20,46,9,0.0471
20,47,9,0.0471
20,48,4,0.0209
20,49,2,0.0105
20,50,4,0.0209
20,51,2,0.0105
20,52,11,0.0576
20,53,6,0.0314
20,54,2,0.0105
20,55,3,0.0157
20,56,17,0.089
20,57,1,0.0052
20,61,1,0.0052
20,62,15,0.0785
20,63,5,0.0262
20,64,4,0.0209
20,65,2,0.0105
20,66,1,0.0052
20,67,1,0.0052
20,68,4,0.0209
20,69,19,0.0995
20,70,2,0.0105
20,71,2,0.0105
20,72,6,0.0314
20,73,2,0.0105
20,74,8,0.0419
20,75,2,0.0105
20,76,3,0.0157
20,77,22,0.1152
20,78,7,0.0366
20,79,2,0.0105
20,80,7,0.0366
20,81,7,0.0366
20,82,17,0.089
20,83,1,0.0052
20,84,5,0.0262
20,85,2,0.0105
20,86,8,0.0419
20,87,3,0.0157
20,88,3,0.0157
20,89,8,0.0419
20,90,3,0.0157
20,91,7,0.0366
20,92,1,0.0052
20,93,5,0.0262
20,94,2,0.0105
20,95,3,0.0157
20,96,4,0.0209
20,97,3,0.0157
20,98,13,0.0681
20,99,3,0.0157
20,100,3,0.0157
20,101,4,0.0209
20,102,3,0.0157
20,103,1,0.0052
20,104,7,0.0366
20,105,4,0.0209
20,106,2,0.0105
20,107,14,0.0733
20,108,5,0.0262
21,1,10,0.0149
21,3,58,0.0862
21,4,69,0.1025
21,5,26,0.0386
21,6,11,0.0163
21,7,8,0.0119
21,8,15,0.0223
21,9,56,0.0832
21,10,9,0.0134
21,11,17,0.0253
21,12,22,0.0327
21,13,23,0.0342
21,14,6,0.0089
21,15,23,0.0342
21,16,14,0.0208
21,17,16,0.0238
21,18,76,0.1129
21,19,54,0.0802
21,21,8,0.0119
21,22,11,0.0163
21,24,17,0.0253
21,25,16,0.0238
21,26,12,0.0178
21,27,25,0.0371
21,28,11,0.0163
21,29,9,0.0134
21,30,19,0.0282
21,32,13,0.0193
21,33,6,0.0089
21,34,16,0.0238
21,35,15,0.0223
21,36,35,0.052
21,37,57,0.0847
21,38,9,0.0134
21,39,40,0.0594
21,40,30,0.0446
21,41,6,0.0089
21,42,10,0.0149
21,43,21,0.0312
21,44,10,0.0149
21,45,13,0.0193
21,46,23,0.0342
21,47,25,0.0371
21,48,6,0.0089
21,49,15,0.0223
21,50,53,0.0788
21,51,8,0.0119
21,52,22,0.0327
21,53,19,0.0282
21,54,8,0.0119
21,55,27,0.0401
21,56,12,0.0178
21,57,6,0.0089
21,61,8,0.0119
21,62,15,0.0223
21,63,11,0.0163
21,64,8,0.0119
21,65,24,0.0357
21,66,28,0.0416
21,67,50,0.0743
21,68,6,0.0089
21,69,15,0.0223
21,70,11,0.0163
21,71,13,0.0193
21,72,20,0.0297
21,73,8,0.0119
21,74,13,0.0193
21,75,4,0.0059
21,76,10,0.0149
21,77,10,0.0149
21,78,78,0.1159
21,79,10,0.0149
21,80,23,0.0342
21,81,28,0.0416
21,82,12,0.0178
21,83,27,0.0401
21,84,11,0.0163
21,85,5,0.0074
21,86,22,0.0327
21,87,22,0.0327
21,88,7,0.0104
21,89,18,0.0267
21,90,12,0.0178
21,91,29,0.0431
21,92,11,0.0163
21,93,12,0.0178
21,94,24,0.0357
21,95,12,0.0178
21,96,13,0.0193
21,97,13,0.0193
21,98,14,0.0208
21,99,11,0.0163
21,100,7,0.0104
21,101,69,0.1025
21,102,6,0.0089
21,103,11,0.0163
21,104,19,0.0282
21,105,10,0.0149
21,106,29,0.0431
21,107,13,0.0193
21,108,15,0.0223
22,1,28,0.0366
22,3,17,0.0223
22,4,11,0.0144
22,5,36,0.0471
22,6,48,0.0628
22,7,36,0.0471
22,8,14,0.0183
22,9,8,0.0105
22,10,9,0.0118
22,11,27,0.0353
22,12,33,0.0432
22,13,31,0.0406
22,14,38,0.0497
22,15,25,0.0327
22,16,38,0.0497
22,17,20,0.0262
22,18,20,0.0262
22,19,6,0.0079
22,21,11,0.0144
22,22,9,0.0118
22,24,10,0.0131
22,25,16,0.0209
22,26,19,0.0249
22,27,30,0.0393
22,28,28,0.0366
22,29,42,0.055
22,30,33,0.0432
22,32,43,0.0563
22,33,13,0.017
22,34,23,0.0301
22,35,20,0.0262
22,36,11,0.0144
22,37,13,0.017
22,38,47,0.0615
22,39,13,0.017
22,40,29,0.038
22,41,41,0.0537
22,42,11,0.0144
22,43,37,0.0484
22,44,15,0.0196
22,45,9,0.0118
22,46,25,0.0327
22,47,29,0.038
22,48,32,0.0419
22,49,14,0.0183
22,50,12,0.0157
22,51,15,0.0196
22,52,33,0.0432
22,53,23,0.0301
22,54,32,0.0419
22,55,31,0.0406
22,56,20,0.0262
22,57,15,0.0196
22,61,19,0.0249
22,62,13,0.017
22,63,30,0.0393
22,64,40,0.0524
22,65,38,0.0497
22,66,32,0.0419
22,67,11,0.0144
22,68,7,0.0092
22,69,16,0.0209
22,70,12,0.0157
22,71,14,0.0183
22,72,20,0.0262
22,73,11,0.0144
22,74,9,0.0118
22,75,38,0.0497
22,76,8,0.0105
22,77,11,0.0144
22,78,18,0.0236
22,79,4,0.0052
22,80,24,0.0314
22,81,23,0.0301
22,82,16,0.0209
22,83,34,0.0445
22,84,23,0.0301
22,85,47,0.0615
22,86,20,0.0262
22,87,25,0.0327
22,88,9,0.0118
22,89,49,0.0641
22,90,47,0.0615
22,91,16,0.0209
22,92,15,0.0196
22,93,7,0.0092
22,94,31,0.0406
22,95,13,0.017
22,96,27,0.0353
22,97,16,0.0209
22,98,18,0.0236
22,99,14,0.0183
22,100,13,0.017
22,101,19,0.0249
22,102,5,0.0065
22,103,40,0.0524
22,104,27,0.0353
22,105,9,0.0118
22,106,29,0.038
22,107,9,0.0118
22,108,13,0.017
23,1,2,0.0094
23,3,6,0.0282
23,4,4,0.0188
23,5,2,0.0094
23,6,1,0.0047
23,7,4,0.0188
23,8,11,0.0516
23,9,3,0.0141
23,10,4,0.0188
23,11,9,0.0423
23,12,10,0.0469
23,13,9,0.0423
23,14,3,0.0141
23,15,1,0.0047
23,16,7,0.0329
23,17,7,0.0329
23,18,4,0.0188
23,19,1,0.0047
23,21,4,0.0188
23,22,5,0.0235
23,24,15,0.0704
23,25,6,0.0282
23,26,18,0.0845
23,27,2,0.0094
23,28,2,0.0094
23,29,4,0.0188
23,30,3,0.0141
23,32,5,0.0235
23,33,6,0.0282
23,34,2,0.0094
23,35,26,0.1221
23,36,5,0.0235
23,37,6,0.0282
23,38,2,0.0094
23,39,7,0.0329
23,40,5,0.0235
23,41,3,0.0141
23,42,12,0.0563
23,44,4,0.0188
23,45,5,0.0235
23,46,7,0.0329
23,47,7,0.0329
23,48,1,0.0047
23,49,23,0.108
23,50,7,0.0329
23,51,2,0.0094
23,52,5,0.0235
23,53,23,0.108
23,54,2,0.0094
23,56,5,0.0235
23,57,8,0.0376
23,61,1,0.0047
23,62,17,0.0798
23,63,5,0.0235
23,64,2,0.0094
23,65,2,0.0094
23,66,3,0.0141
23,67,6,0.0282
23,68,2,0.0094
23,69,16,0.0751
23,70,3,0.0141
23,71,2,0.0094
23,72,8,0.0376
23,73,1,0.0047
23,74,8,0.0376
23,75,2,0.0094
23,76,3,0.0141
23,77,3,0.0141
23,78,5,0.0235
23,79,4,0.0188
23,80,3,0.0141
23,81,9,0.0423
23,82,31,0.1455
23,84,19,0.0892
23,85,3,0.0141
23,86,7,0.0329
23,87,11,0.0516
23,88,6,0.0282
23,89,10,0.0469
23,90,5,0.0235
23,91,10,0.0469
23,92,7,0.0329
23,93,3,0.0141
23,94,5,0.0235
23,95,2,0.0094
23,96,4,0.0188
23,97,26,0.1221
23,98,11,0.0516
23,99,4,0.0188
23,100,2,0.0094
23,101,11,0.0516
23,102,1,0.0047
23,103,3,0.0141
23,104,7,0.0329
23,105,7,0.0329
23,106,2,0.0094
23,107,7,0.0329
23,108,5,0.0235
24,1,18,0.0451
24,3,27,0.0677
24,4,45,0.1128
24,5,4,0.01
24,6,26,0.0652
24,7,30,0.0752
24,8,5,0.0125
24,9,6,0.015
24,10,11,0.0276
24,11,5,0.0125
24,12,3,0.0075
24,13,5,0.0125
24,14,17,0.0426
24,15,6,0.015
24,16,5,0.0125
24,17,11,0.0276
24,18,39,0.0977
24,19,9,0.0226
24,21,8,0.0201
24,22,4,0.01
24,24,28,0.0702
24,25,13,0.0326
24,26,37,0.0927
24,27,5,0.0125
24,28,20,0.0501
24,29,11,0.0276
24,30,3,0.0075
24,32,9,0.0226
24,33,4,0.01
24,34,5,0.0125
24,35,14,0.0351
24,36,11,0.0276
24,37,7,0.0175
24,38,29,0.0727
24,39,6,0.015
24,40,2,0.005
24,41,24,0.0602
24,42,28,0.0702
24,43,5,0.0125
24,44,5,0.0125
24,45,6,0.015
24,46,2,0.005
24,47,1,0.0025
24,48,28,0.0702
24,49,8,0.0201
24,50,7,0.0175
24,51,7,0.0175
24,52,3,0.0075
24,53,7,0.0175
24,54,21,0.0526
24,55,1,0.0025
24,56,12,0.0301
24,57,11,0.0276
24,61,9,0.0226
24,62,38,0.0952
24,63,5,0.0125
24,64,9,0.0226
24,65,6,0.015
24,66,6,0.015
24,67,6,0.015
24,68,6,0.015
24,69,30,0.0752
24,70,6,0.015
24,71,11,0.0276
24,72,4,0.01
24,73,6,0.015
24,74,7,0.0175
24,75,5,0.0125
24,76,6,0.015
24,77,13,0.0326
24,78,42,0.1053
24,79,5,0.0125
24,80,5,0.0125
24,81,5,0.0125
24,82,36,0.0902
24,83,3,0.0075
24,84,10,0.0251
24,85,8,0.0201
24,86,6,0.015
24,87,8,0.0201
24,88,6,0.015
24,89,8,0.0201
24,90,3,0.0075
24,91,6,0.015
24,92,5,0.0125
24,93,4,0.01
24,94,2,0.005
24,95,4,0.01
24,96,4,0.01
24,97,8,0.0201
24,98,39,0.0977
24,99,10,0.0251
24,100,1,0.0025
24,101,38,0.0952
24,102,5,0.0125
24,103,21,0.0526
24,104,7,0.0175
24,105,11,0.0276
24,106,6,0.015
24,107,9,0.0226
24,108,10,0.0251
25,1,27,0.0652
25,3,48,0.1159
25,4,51,0.1232
25,5,8,0.0193
25,6,27,0.0652
25,7,26,0.0628
25,8,11,0.0266
25,9,29,0.07
25,10,6,0.0145
25,11,1,0.0024
25,12,5,0.0121
25,13,4,0.0097
25,14,28,0.0676
25,15,4,0.0097
25,16,4,0.0097
25,17,8,0.0193
25,18,46,0.1111
25,19,35,0.0845
25,21,11,0.0266
25,22,4,0.0097
25,24,10,0.0242
25,25,11,0.0266
25,26,4,0.0097
25,27,4,0.0097
25,28,24,0.058
25,29,11,0.0266
25,30,2,0.0048
25,32,7,0.0169
25,33,7,0.0169
25,34,1,0.0024
25,35,11,0.0266
25,36,37,0.0894
25,37,33,0.0797
25,38,21,0.0507
25,39,51,0.1232
25,40,1,0.0024
25,41,23,0.0556
25,42,4,0.0097
25,43,4,0.0097
25,44,8,0.0193
25,45,5,0.0121
25,46,6,0.0145
25,47,5,0.0121
25,48,18,0.0435
25,49,3,0.0072
25,50,30,0.0725
25,51,6,0.0145
25,52,4,0.0097
25,53,10,0.0242
25,54,20,0.0483
25,55,6,0.0145
25,56,8,0.0193
25,57,6,0.0145
25,61,7,0.0169
25,62,12,0.029
25,63,2,0.0048
25,64,6,0.0145
25,65,6,0.0145
25,66,5,0.0121
25,67,35,0.0845
25,68,5,0.0121
25,69,14,0.0338
25,70,7,0.0169
25,71,5,0.0121
25,72,4,0.0097
25,73,10,0.0242
25,74,7,0.0169
25,75,7,0.0169
25,76,7,0.0169
25,77,9,0.0217
25,78,36,0.087
25,79,8,0.0193
25,80,5,0.0121
25,81,4,0.0097
25,82,7,0.0169
25,83,3,0.0072
25,84,13,0.0314
25,85,4,0.0097
25,86,5,0.0121
25,87,5,0.0121
25,88,6,0.0145
25,89,15,0.0362
25,90,8,0.0193
25,91,5,0.0121
25,92,5,0.0121
25,93,5,0.0121
25,94,2,0.0048
25,95,8,0.0193
25,96,2,0.0048
25,97,15,0.0362
25,98,9,0.0217
25,99,12,0.029
25,100,3,0.0072
25,101,42,0.1014
25,102,7,0.0169
25,103,39,0.0942
25,104,1,0.0024
25,105,8,0.0193
25,106,2,0.0048
25,107,6,0.0145
25,108,8,0.0193
26,1,10,0.0191
26,3,64,0.1221
26,4,52,0.0992
26,5,4,0.0076
26,6,12,0.0229
26,7,6,0.0115
26,8,43,0.0821
26,9,10,0.0191
26,10,10,0.0191
26,11,8,0.0153
26,12,4,0.0076
26,13,8,0.0153
26,14,8,0.0153
26,15,5,0.0095
26,16,7,0.0134
26,17,63,0.1202
26,18,61,0.1164
26,19,7,0.0134
26,21,10,0.0191
26,22,30,0.0573
26,24,18,0.0344
26,25,41,0.0782
26,26,4,0.0076
26,27,5,0.0095
26,28,7,0.0134
26,29,10,0.0191
26,30,4,0.0076
26,32,5,0.0095
26,33,38,0.0725
26,34,6,0.0115
26,35,19,0.0363
26,36,14,0.0267
26,37,8,0.0153
26,38,6,0.0115
26,39,12,0.0229
26,40,5,0.0095
26,41,8,0.0153
26,42,16,0.0305
26,43,6,0.0115
26,44,36,0.0687
26,45,6,0.0115
26,46,6,0.0115
26,47,7,0.0134
26,48,5,0.0095
26,49,16,0.0305
26,50,12,0.0229
26,51,13,0.0248
26,52,3,0.0057
26,53,12,0.0229
26,54,7,0.0134
26,55,7,0.0134
26,56,46,0.0878
26,57,39,0.0744
26,61,9,0.0172
26,62,10,0.0191
26,63,12,0.0229
26,64,11,0.021
26,65,8,0.0153
26,66,6,0.0115
26,67,10,0.0191
26,68,9,0.0172
26,69,7,0.0134
26,70,29,0.0553
26,71,4,0.0076
26,72,7,0.0134
26,73,8,0.0153
26,74,3,0.0057
26,75,6,0.0115
26,76,4,0.0076
26,77,44,0.084
26,78,50,0.0954
26,79,6,0.0115
26,80,5,0.0095
26,81,6,0.0115
26,82,11,0.021
26,83,4,0.0076
26,84,13,0.0248
26,85,7,0.0134
26,86,3,0.0057
26,87,4,0.0076
26,88,11,0.021
26,89,18,0.0344
26,90,8,0.0153
26,91,2,0.0038
26,92,8,0.0153
26,93,11,0.021
26,94,3,0.0057
26,95,50,0.0954
26,96,4,0.0076
26,97,18,0.0344
26,98,7,0.0134
26,99,47,0.0897
26,100,5,0.0095
26,101,59,0.1126
26,102,9,0.0172
26,103,7,0.0134
26,104,2,0.0038
26,105,43,0.0821
26,106,6,0.0115
26,107,44,0.084
26,108,9,0.0172
27,1,21,0.0585
27,3,8,0.0223
27,4,10,0.0279
27,5,5,0.0139
27,6,21,0.0585
27,7,26,0.0724
27,8,38,0.1058
27,9,6,0.0167
27,10,5,0.0139
27,11,1,0.0028
27,12,7,0.0195
27,13,1,0.0028
27,14,27,0.0752
27,15,3,0.0084
27,16,8,0.0223
27,17,35,0.0975
27,18,12,0.0334
27,19,5,0.0139
27,21,10,0.0279
27,22,21,0.0585
27,24,9,0.0251
27,25,32,0.0891
27,26,7,0.0195
27,27,5,0.0139
27,28,26,0.0724
27,29,9,0.0251
27,30,3,0.0084
27,32,4,0.0111
27,33,18,0.0501
27,34,4,0.0111
27,35,5,0.0139
27,36,3,0.0084
27,37,9,0.0251
27,38,28,0.078
27,39,6,0.0167
27,41,17,0.0474
27,42,6,0.0167
27,43,4,0.0111
27,44,25,0.0696
27,45,3,0.0084
27,46,5,0.0139
27,47,1,0.0028
27,48,16,0.0446
27,49,10,0.0279
27,50,9,0.0251
27,51,7,0.0195
27,52,1,0.0028
27,53,11,0.0306
27,54,28,0.078
27,55,3,0.0084
27,56,44,0.1226
27,57,21,0.0585
27,61,7,0.0195
27,62,8,0.0223
27,63,6,0.0167
27,64,6,0.0167
27,65,6,0.0167
27,66,2,0.0056
27,67,9,0.0251
27,68,8,0.0223
27,69,8,0.0223
27,70,28,0.078
27,71,8,0.0223
27,72,5,0.0139
27,73,1,0.0028
27,74,8,0.0223
27,75,3,0.0084
27,76,1,0.0028
27,77,27,0.0752
27,78,8,0.0223
27,79,3,0.0084
27,80,3,0.0084
27,81,2,0.0056
27,82,4,0.0111
27,83,9,0.0251
27,84,4,0.0111
27,85,3,0.0084
27,86,2,0.0056
27,87,5,0.0139
27,88,4,0.0111
27,89,10,0.0279
27,90,4,0.0111
27,91,4,0.0111
27,92,5,0.0139
27,93,5,0.0139
27,94,3,0.0084
27,95,28,0.078
27,96,4,0.0111
27,97,4,0.0111
27,98,14,0.039
27,99,19,0.0529
27,100,7,0.0195
27,101,8,0.0223
27,102,3,0.0084
27,103,24,0.0669
27,104,2,0.0056
27,105,33,0.0919
27,106,6,0.0167
27,107,29,0.0808
27,108,11,0.0306
28,1,11,0.0423
28,3,4,0.0154
28,4,7,0.0269
28,5,2,0.0077
28,6,11,0.0423
28,7,10,0.0385
28,8,13,0.05
28,9,6,0.0231
28,10,1,0.0038
28,11,7,0.0269
28,12,11,0.0423
28,13,6,0.0231
28,14,12,0.0462
28,15,2,0.0077
28,16,1,0.0038
28,17,21,0.0808
28,18,6,0.0231
28,19,6,0.0231
28,21,1,0.0038
28,22,17,0.0654
28,24,4,0.0154
28,25,20,0.0769
28,26,3,0.0115
28,27,8,0.0308
28,28,15,0.0577
28,29,5,0.0192
28,30,3,0.0115
28,32,6,0.0231
28,33,10,0.0385
28,34,2,0.0077
28,35,3,0.0115
28,36,2,0.0077
28,37,7,0.0269
28,38,13,0.05
28,39,2,0.0077
28,40,6,0.0231
28,41,14,0.0538
28,42,10,0.0385
28,43,5,0.0192
28,44,16,0.0615
28,45,2,0.0077
28,46,7,0.0269
28,47,8,0.0308
28,48,11,0.0423
28,49,1,0.0038
28,50,3,0.0115
28,51,2,0.0077
28,52,12,0.0462
28,53,7,0.0269
28,54,15,0.0577
28,55,2,0.0077
28,56,20,0.0769
28,57,12,0.0462
28,61,3,0.0115
28,62,8,0.0308
28,63,3,0.0115
28,64,6,0.0231
28,65,3,0.0115
28,66,4,0.0154
28,67,6,0.0231
28,68,3,0.0115
28,69,9,0.0346
28,70,16,0.0615
28,71,4,0.0154
28,72,12,0.0462
28,73,4,0.0154
28,74,5,0.0192
28,75,3,0.0115
28,76,6,0.0231
28,77,23,0.0885
28,78,11,0.0423
28,79,1,0.0038
28,80,5,0.0192
28,81,12,0.0462
28,82,6,0.0231
28,83,3,0.0115
28,84,5,0.0192
28,85,4,0.0154
28,86,6,0.0231
28,87,7,0.0269
28,88,6,0.0231
28,89,10,0.0385
28,90,3,0.0115
28,91,6,0.0231
28,92,7,0.0269
28,93,6,0.0231
28,94,2,0.0077
28,95,13,0.05
28,96,9,0.0346
28,97,3,0.0115
28,98,5,0.0192
28,99,20,0.0769
28,100,2,0.0077
28,101,3,0.0115
28,102,1,0.0038
28,103,12,0.0462
28,104,12,0.0462
28,105,20,0.0769
28,106,5,0.0192
28,107,25,0.0962
28,108,6,0.0231
29,1,54,0.047
29,2,63,0.0548
29,3,15,0.0131
29,4,12,0.0104
29,5,7,0.0061
29,6,41,0.0357
29,7,40,0.0348
29,8,16,0.0139
29,9,14,0.0122
29,10,8,0.007
29,11,22,0.0191
29,12,31,0.027
29,13,26,0.0226
29,14,37,0.0322
29,15,5,0.0044
29,16,3,0.0026
29,17,10,0.0087
29,18,79,0.0688
29,19,20,0.0174
29,20,54,0.047
29,21,11,0.0096
29,22,7,0.0061
29,23,86,0.0748
29,24,58,0.0505
29,25,19,0.0165
29,26,45,0.0392
29,27,6,0.0052
29,28,42,0.0366
29,29,13,0.0113
29,30,10,0.0087
29,31,50,0.0435
29,32,12,0.0104
29,33,13,0.0113
29,34,7,0.0061
29,35,18,0.0157
29,36,16,0.0139
29,37,14,0.0122
29,38,49,0.0426
29,39,15,0.0131
29,40,28,0.0244
29,41,41,0.0357
29,42,51,0.0444
29,43,9,0.0078
29,44,16,0.0139
29,45,36,0.0313
29,46,34,0.0296
29,47,23,0.02
29,48,43,0.0374
29,49,21,0.0183
29,50,13,0.0113
29,51,13,0.0113
29,52,29,0.0252
29,53,24,0.0209
29,54,38,0.0331
29,55,3,0.0026
29,56,22,0.0191
29,57,9,0.0078
29,58,66,0.0574
29,59,91,0.0792
29,60,53,0.0461
29,61,16,0.0139
29,62,54,0.047
29,63,10,0.0087
29,64,8,0.007
29,65,9,0.0078
29,66,8,0.007
29,67,10,0.0087
29,68,44,0.0383
29,69,64,0.0557
29,70,18,0.0157
29,71,13,0.0113
29,72,31,0.027
29,73,44,0.0383
29,74,11,0.0096
29,75,7,0.0061
29,76,40,0.0348
29,77,14,0.0122
29,78,16,0.0139
29,79,41,0.0357
29,80,92,0.0801
29,81,29,0.0252
29,82,56,0.0487
29,83,12,0.0104
29,84,20,0.0174
29,85,14,0.0122
29,86,26,0.0226
29,87,24,0.0209
29,88,14,0.0122
29,89,152,0.1323
29,90,12,0.0104
29,91,28,0.0244
29,92,34,0.0296
29,93,40,0.0348
29,94,11,0.0096
29,95,19,0.0165
29,96,25,0.0218
29,97,18,0.0157
29,98,55,0.0479
29,99,12,0.0104
29,100,48,0.0418
29,101,28,0.0244
29,102,30,0.0261
29,103,44,0.0383
29,104,35,0.0305
29,105,11,0.0096
29,106,7,0.0061
29,107,12,0.0104
29,108,13,0.0113
30,1,30,0.0427
30,3,19,0.027
30,4,19,0.027
30,5,7,0.01
30,6,33,0.0469
30,7,26,0.037
30,8,11,0.0156
30,9,9,0.0128
30,10,12,0.0171
30,11,27,0.0384
30,12,23,0.0327
30,13,23,0.0327
30,14,32,0.0455
30,15,2,0.0028
30,16,9,0.0128
30,17,18,0.0256
30,18,20,0.0284
30,19,17,0.0242
30,21,9,0.0128
30,22,7,0.01
30,24,60,0.0853
30,25,22,0.0313
30,26,56,0.0797
30,27,5,0.0071
30,28,27,0.0384
30,29,8,0.0114
30,30,4,0.0057
30,32,14,0.0199
30,33,15,0.0213
30,34,7,0.01
30,35,18,0.0256
30,36,10,0.0142
30,37,9,0.0128
30,38,39,0.0555
30,39,13,0.0185
30,40,23,0.0327
30,41,27,0.0384
30,42,54,0.0768
30,43,8,0.0114
30,44,13,0.0185
30,45,34,0.0484
30,46,16,0.0228
30,47,25,0.0356
30,48,28,0.0398
30,49,16,0.0228
30,50,13,0.0185
30,51,17,0.0242
30,52,15,0.0213
30,53,15,0.0213
30,54,37,0.0526
30,55,9,0.0128
30,56,15,0.0213
30,57,9,0.0128
30,61,9,0.0128
30,62,49,0.0697
30,63,11,0.0156
30,64,11,0.0156
30,65,11,0.0156
30,66,4,0.0057
30,67,10,0.0142
30,68,39,0.0555
30,69,39,0.0555
30,70,9,0.0128
30,71,8,0.0114
30,72,25,0.0356
30,73,37,0.0526
30,74,15,0.0213
30,75,12,0.0171
30,76,39,0.0555
30,77,17,0.0242
30,78,18,0.0256
30,79,41,0.0583
30,80,28,0.0398
30,81,22,0.0313
30,82,51,0.0725
30,83,5,0.0071
30,84,22,0.0313
30,85,12,0.0171
30,86,25,0.0356
30,87,22,0.0313
30,88,5,0.0071
30,89,48,0.0683
30,90,10,0.0142
30,91,21,0.0299
30,92,20,0.0284
30,93,31,0.0441
30,94,4,0.0057
30,95,10,0.0142
30,96,20,0.0284
30,97,13,0.0185
30,98,55,0.0782
30,99,12,0.0171
30,100,40,0.0569
30,101,24,0.0341
30,102,33,0.0469
30,103,35,0.0498
30,104,30,0.0427
30,105,12,0.0171
30,106,6,0.0085
30,107,19,0.027
30,108,12,0.0171
31,1,3,0.0048
31,3,9,0.0143
31,4,11,0.0175
31,5,13,0.0206
31,6,5,0.0079
31,7,6,0.0095
31,8,20,0.0317
31,9,36,0.0571
31,10,11,0.0175
31,11,28,0.0444
31,12,17,0.027
31,13,33,0.0524
31,14,10,0.0159
31,15,8,0.0127
31,16,42,0.0667
31,17,17,0.027
31,18,16,0.0254
31,19,44,0.0698
31,21,12,0.019
31,22,7,0.0111
31,24,6,0.0095
31,25,15,0.0238
31,26,12,0.019
31,27,8,0.0127
31,28,6,0.0095
31,29,41,0.0651
31,30,8,0.0127
31,32,28,0.0444
31,33,10,0.0159
31,34,7,0.0111
31,35,54,0.0857
31,36,48,0.0762
31,37,52,0.0825
31,38,9,0.0143
31,39,42,0.0667
31,40,28,0.0444
31,41,5,0.0079
31,42,7,0.0111
31,43,8,0.0127
31,44,11,0.0175
31,45,5,0.0079
31,46,15,0.0238
31,47,19,0.0302
31,48,6,0.0095
31,49,54,0.0857
31,50,42,0.0667
31,51,10,0.0159
31,52,18,0.0286
31,53,75,0.119
31,54,8,0.0127
31,55,6,0.0095
31,56,14,0.0222
31,57,7,0.0111
31,61,13,0.0206
31,62,16,0.0254
31,63,35,0.0556
31,64,45,0.0714
31,65,8,0.0127
31,66,5,0.0079
31,67,44,0.0698
31,68,8,0.0127
31,69,8,0.0127
31,70,7,0.0111
31,71,9,0.0143
31,72,18,0.0286
31,73,11,0.0175
31,74,8,0.0127
31,75,34,0.054
31,76,10,0.0159
31,77,9,0.0143
31,78,13,0.0206
31,79,3,0.0048
31,80,21,0.0333
31,81,13,0.0206
31,82,9,0.0143
31,83,5,0.0079
31,84,55,0.0873
31,85,33,0.0524
31,86,34,0.054
31,87,12,0.019
31,88,9,0.0143
31,89,36,0.0571
31,90,40,0.0635
31,91,21,0.0333
31,92,11,0.0175
31,93,8,0.0127
31,94,11,0.0175
31,95,14,0.0222
31,96,26,0.0413
31,97,57,0.0905
31,98,14,0.0222
31,99,12,0.019
31,100,6,0.0095
31,101,14,0.0222
31,102,8,0.0127
31,103,5,0.0079
31,104,21,0.0333
31,105,14,0.0222
31,106,14,0.0222
31,107,14,0.0222
31,108,11,0.0175
32,1,3,0.0096
32,3,8,0.0256
32,4,8,0.0256
32,5,4,0.0128
32,6,9,0.0288
32,7,6,0.0192
32,8,7,0.0224
32,9,4,0.0128
32,10,9,0.0288
32,11,4,0.0128
32,12,18,0.0577
32,13,10,0.0321
32,14,3,0.0096
32,15,3,0.0096
32,16,6,0.0192
32,17,11,0.0353
32,18,8,0.0256
32,19,7,0.0224
32,21,5,0.016
32,22,6,0.0192
32,24,22,0.0705
32,25,16,0.0513
32,26,23,0.0737
32,27,5,0.016
32,28,7,0.0224
32,29,2,0.0064
32,30,4,0.0128
32,32,6,0.0192
32,33,3,0.0096
32,34,2,0.0064
32,35,6,0.0192
32,36,4,0.0128
32,37,5,0.016
32,38,1,0.0032
32,39,2,0.0064
32,40,15,0.0481
32,41,4,0.0128
32,42,27,0.0865
32,43,3,0.0096
32,44,11,0.0353
32,45,16,0.0513
32,46,9,0.0288
32,47,8,0.0256
32,48,3,0.0096
32,49,11,0.0353
32,50,5,0.016
32,51,5,0.016
32,52,6,0.0192
32,53,10,0.0321
32,54,2,0.0064
32,55,5,0.016
32,56,8,0.0256
32,57,9,0.0288
32,61,3,0.0096
32,62,34,0.109
32,63,3,0.0096
32,64,5,0.016
32,65,7,0.0224
32,66,3,0.0096
32,67,6,0.0192
32,68,21,0.0673
32,69,24,0.0769
32,70,3,0.0096
32,71,8,0.0256
32,72,10,0.0321
32,73,18,0.0577
32,74,6,0.0192
32,75,3,0.0096
32,76,16,0.0513
32,77,10,0.0321
32,78,10,0.0321
32,79,14,0.0449
32,80,16,0.0513
32,81,12,0.0385
32,82,36,0.1154
32,83,7,0.0224
32,84,11,0.0353
32,85,2,0.0064
32,86,9,0.0288
32,87,8,0.0256
32,88,7,0.0224
32,89,25,0.0801
32,90,3,0.0096
32,91,15,0.0481
32,92,16,0.0513
32,93,12,0.0385
32,94,3,0.0096
32,95,5,0.016
32,96,11,0.0353
32,97,6,0.0192
32,98,19,0.0609
32,99,3,0.0096
32,100,14,0.0449
32,101,3,0.0096
32,102,20,0.0641
32,103,5,0.016
32,104,11,0.0353
32,105,6,0.0192
32,106,7,0.0224
32,107,3,0.0096
32,108,11,0.0353
33,1,17,0.0351
33,3,13,0.0268
33,4,19,0.0392
33,5,4,0.0082
33,6,17,0.0351
33,7,26,0.0536
33,8,51,0.1052
33,9,11,0.0227
33,10,33,0.068
33,11,4,0.0082
33,12,4,0.0082
33,13,3,0.0062
33,14,23,0.0474
33,15,3,0.0062
33,16,5,0.0103
33,17,39,0.0804
33,18,12,0.0247
33,19,9,0.0186
33,21,24,0.0495
33,22,33,0.068
33,24,19,0.0392
33,25,45,0.0928
33,26,9,0.0186
33,27,6,0.0124
33,28,22,0.0454
33,29,4,0.0082
33,30,2,0.0041
33,32,4,0.0082
33,33,19,0.0392
33,34,10,0.0206
33,35,12,0.0247
33,36,6,0.0124
33,37,7,0.0144
33,38,28,0.0577
33,39,6,0.0124
33,40,3,0.0062
33,41,33,0.068
33,42,6,0.0124
33,43,2,0.0041
33,44,28,0.0577
33,45,4,0.0082
33,46,5,0.0103
33,47,5,0.0103
33,48,19,0.0392
33,49,12,0.0247
33,50,12,0.0247
33,51,42,0.0866
33,52,1,0.0021
33,53,9,0.0186
33,54,29,0.0598
33,55,3,0.0062
33,56,42,0.0866
33,57,34,0.0701
33,61,35,0.0722
33,62,7,0.0144
33,63,3,0.0062
33,64,9,0.0186
33,65,5,0.0103
33,66,1,0.0021
33,67,6,0.0124
33,68,4,0.0082
33,69,9,0.0186
33,70,26,0.0536
33,71,42,0.0866
33,72,1,0.0021
33,73,7,0.0144
33,74,32,0.066
33,75,7,0.0144
33,76,7,0.0144
33,77,27,0.0557
33,78,11,0.0227
33,79,11,0.0227
33,80,7,0.0144
33,81,7,0.0144
33,82,14,0.0289
33,83,4,0.0082
33,84,14,0.0289
33,85,8,0.0165
33,86,7,0.0144
33,87,4,0.0082
33,88,25,0.0515
33,89,13,0.0268
33,90,7,0.0144
33,91,3,0.0062
33,92,9,0.0186
33,93,5,0.0103
33,94,1,0.0021
33,95,35,0.0722
33,96,4,0.0082
33,97,15,0.0309
33,98,8,0.0165
33,99,31,0.0639
33,100,5,0.0103
33,101,10,0.0206
33,102,5,0.0103
33,103,16,0.033
33,104,7,0.0144
33,105,25,0.0515
33,106,5,0.0103
33,107,33,0.068
33,108,29,0.0598
34,1,3,0.0117
34,3,7,0.0272
34,4,3,0.0117
34,5,3,0.0117
34,6,3,0.0117
34,7,5,0.0195
34,8,23,0.0895
34,9,4,0.0156
34,10,16,0.0623
34,11,7,0.0272
34,12,5,0.0195
34,13,7,0.0272
34,14,4,0.0156
34,15,6,0.0233
34,16,4,0.0156
34,17,24,0.0934
34,18,8,0.0311
34,19,1,0.0039
34,21,10,0.0389
34,22,11,0.0428
34,24,2,0.0078
34,25,25,0.0973
34,26,5,0.0195
34,27,1,0.0039
34,28,1,0.0039
34,30,5,0.0195
34,32,4,0.0156
34,33,12,0.0467
34,34,9,0.035
34,35,7,0.0272
34,36,6,0.0233
34,37,4,0.0156
34,38,4,0.0156
34,39,4,0.0156
34,40,3,0.0117
34,41,6,0.0233
34,42,5,0.0195
34,43,2,0.0078
34,44,18,0.07
34,45,3,0.0117
34,46,10,0.0389
34,47,11,0.0428
34,48,5,0.0195
34,49,4,0.0156
34,50,5,0.0195
34,51,19,0.0739
34,52,3,0.0117
34,53,7,0.0272
34,54,4,0.0156
34,55,2,0.0078
34,56,19,0.0739
34,57,10,0.0389
34,61,14,0.0545
34,62,6,0.0233
34,63,2,0.0078
34,64,1,0.0039
34,65,6,0.0233
34,66,6,0.0233
34,67,3,0.0117
34,68,1,0.0039
34,69,2,0.0078
34,70,15,0.0584
34,71,19,0.0739
34,72,9,0.035
34,73,2,0.0078
34,74,16,0.0623
34,75,4,0.0156
34,76,2,0.0078
34,77,20,0.0778
34,78,9,0.035
34,79,3,0.0117
34,80,9,0.035
34,81,14,0.0545
34,82,5,0.0195
34,83,1,0.0039
34,84,6,0.0233
34,85,7,0.0272
34,86,9,0.035
34,87,7,0.0272
34,88,11,0.0428
34,89,7,0.0272
34,90,2,0.0078
34,91,8,0.0311
34,92,5,0.0195
34,93,2,0.0078
34,94,1,0.0039
34,95,14,0.0545
34,96,5,0.0195
34,97,8,0.0311
34,98,4,0.0156
34,99,21,0.0817
34,100,3,0.0117
34,101,11,0.0428
34,102,1,0.0039
34,103,4,0.0156
34,104,7,0.0272
34,105,17,0.0661
34,106,2,0.0078
34,107,26,0.1012
34,108,9,0.035
35,1,14,0.0395
35,3,6,0.0169
35,4,17,0.048
35,5,3,0.0085
35,6,24,0.0678
35,7,23,0.065
35,8,33,0.0932
35,9,27,0.0763
35,10,4,0.0113
35,11,2,0.0056
35,12,2,0.0056
35,13,1,0.0028
35,14,18,0.0508
35,15,1,0.0028
35,16,10,0.0282
35,17,38,0.1073
35,18,7,0.0198
35,19,24,0.0678
35,21,6,0.0169
35,22,10,0.0282
35,24,7,0.0198
35,25,26,0.0734
35,26,11,0.0311
35,27,6,0.0169
35,28,17,0.048
35,29,13,0.0367
35,30,5,0.0141
35,32,5,0.0141
35,33,6,0.0169
35,34,5,0.0141
35,35,10,0.0282
35,36,27,0.0763
35,37,15,0.0424
35,38,17,0.048
35,39,27,0.0763
35,40,2,0.0056
35,41,19,0.0537
35,42,5,0.0141
35,43,5,0.0141
35,44,6,0.0169
35,45,6,0.0169
35,46,2,0.0056
35,47,5,0.0141
35,48,16,0.0452
35,49,13,0.0367
35,50,27,0.0763
35,51,3,0.0085
35,52,4,0.0113
35,53,11,0.0311
35,54,20,0.0565
35,55,3,0.0085
35,56,30,0.0847
35,57,8,0.0226
35,61,9,0.0254
35,62,8,0.0226
35,63,4,0.0113
35,64,7,0.0198
35,65,8,0.0226
35,66,6,0.0169
35,67,29,0.0819
35,68,5,0.0141
35,69,12,0.0339
35,70,7,0.0198
35,71,7,0.0198
35,72,4,0.0113
35,73,3,0.0085
35,74,5,0.0141
35,75,4,0.0113
35,76,6,0.0169
35,77,27,0.0763
35,78,14,0.0395
35,79,8,0.0226
35,80,3,0.0085
35,81,5,0.0141
35,82,13,0.0367
35,83,8,0.0226
35,84,6,0.0169
35,85,4,0.0113
35,86,3,0.0085
35,88,7,0.0198
35,89,7,0.0198
35,90,4,0.0113
35,91,3,0.0085
35,92,4,0.0113
35,93,3,0.0085
35,94,3,0.0085
35,95,5,0.0141
35,96,2,0.0056
35,97,8,0.0226
35,98,5,0.0141
35,99,4,0.0113
35,100,9,0.0254
35,101,10,0.0282
35,102,5,0.0141
35,103,14,0.0395
35,104,5,0.0141
35,105,6,0.0169
35,106,3,0.0085
35,107,33,0.0932
35,108,10,0.0282
36,1,3,0.0098
36,3,46,0.1508
36,4,36,0.118
36,5,20,0.0656
36,6,3,0.0098
36,7,5,0.0164
36,8,12,0.0393
36,9,10,0.0328
36,10,2,0.0066
36,11,2,0.0066
36,12,3,0.0098
36,13,5,0.0164
36,14,2,0.0066
36,15,15,0.0492
36,16,2,0.0066
36,17,12,0.0393
36,18,43,0.141
36,19,7,0.023
36,21,6,0.0197
36,22,5,0.0164
36,24,9,0.0295
36,25,7,0.023
36,26,4,0.0131
36,27,17,0.0557
36,28,5,0.0164
36,29,4,0.0131
36,30,13,0.0426
36,32,5,0.0164
36,33,6,0.0197
36,34,18,0.059
36,35,6,0.0197
36,36,10,0.0328
36,37,6,0.0197
36,38,5,0.0164
36,39,10,0.0328
36,41,8,0.0262
36,42,9,0.0295
36,43,22,0.0721
36,44,4,0.0131
36,45,6,0.0197
36,46,3,0.0098
36,47,3,0.0098
36,48,4,0.0131
36,49,8,0.0262
36,50,6,0.0197
36,51,6,0.0197
36,52,2,0.0066
36,53,14,0.0459
36,54,4,0.0131
36,55,21,0.0689
36,56,4,0.0131
36,57,8,0.0262
36,61,6,0.0197
36,62,6,0.0197
36,63,5,0.0164
36,64,3,0.0098
36,65,22,0.0721
36,66,17,0.0557
36,67,4,0.0131
36,68,3,0.0098
36,69,12,0.0393
36,70,7,0.023
36,71,8,0.0262
36,72,6,0.0197
36,73,6,0.0197
36,74,3,0.0098
36,75,4,0.0131
36,76,5,0.0164
36,77,10,0.0328
36,78,37,0.1213
36,79,5,0.0164
36,80,3,0.0098
36,81,4,0.0131
36,82,2,0.0066
36,83,17,0.0557
36,84,11,0.0361
36,85,7,0.023
36,86,2,0.0066
36,87,4,0.0131
36,88,10,0.0328
36,89,13,0.0426
36,90,4,0.0131
36,91,3,0.0098
36,92,2,0.0066
36,93,8,0.0262
36,94,7,0.023
36,95,6,0.0197
36,96,2,0.0066
36,97,4,0.0131
36,98,6,0.0197
36,99,6,0.0197
36,100,4,0.0131
36,101,43,0.141
36,102,2,0.0066
36,103,8,0.0262
36,104,5,0.0164
36,105,8,0.0262
36,106,16,0.0525
36,107,11,0.0361
36,108,3,0.0098
37,1,7,0.0162
37,3,46,0.1065
37,4,47,0.1088
37,5,6,0.0139
37,6,3,0.0069
37,7,10,0.0231
37,8,8,0.0185
37,9,47,0.1088
37,10,10,0.0231
37,11,4,0.0093
37,12,4,0.0093
37,13,4,0.0093
37,14,9,0.0208
37,15,2,0.0046
37,16,4,0.0093
37,17,15,0.0347
37,18,47,0.1088
37,19,29,0.0671
37,21,6,0.0139
37,22,10,0.0231
37,24,32,0.0741
37,25,10,0.0231
37,26,37,0.0856
37,27,6,0.0139
37,28,10,0.0231
37,29,6,0.0139
37,30,7,0.0162
37,32,7,0.0162
37,33,7,0.0162
37,34,8,0.0185
37,35,12,0.0278
37,36,23,0.0532
37,37,31,0.0718
37,38,3,0.0069
37,39,40,0.0926
37,40,5,0.0116
37,41,2,0.0046
37,42,41,0.0949
37,43,8,0.0185
37,44,9,0.0208
37,45,6,0.0139
37,46,3,0.0069
37,47,1,0.0023
37,48,6,0.0139
37,49,9,0.0208
37,50,28,0.0648
37,51,13,0.0301
37,52,4,0.0093
37,53,10,0.0231
37,54,5,0.0116
37,55,2,0.0046
37,56,11,0.0255
37,57,7,0.0162
37,61,7,0.0162
37,62,35,0.081
37,63,6,0.0139
37,64,6,0.0139
37,65,5,0.0116
37,66,2,0.0046
37,67,26,0.0602
37,68,11,0.0255
37,69,37,0.0856
37,70,9,0.0208
37,71,3,0.0069
37,72,2,0.0046
37,73,4,0.0093
37,74,8,0.0185
37,75,6,0.0139
37,76,6,0.0139
37,77,10,0.0231
37,78,44,0.1019
37,79,10,0.0231
37,80,4,0.0093
37,81,7,0.0162
37,82,31,0.0718
37,83,8,0.0185
37,84,20,0.0463
37,85,4,0.0093
37,86,5,0.0116
37,87,7,0.0162
37,88,10,0.0231
37,89,10,0.0231
37,90,14,0.0324
37,91,7,0.0162
37,92,10,0.0231
37,93,9,0.0208
37,94,7,0.0162
37,95,10,0.0231
37,96,4,0.0093
37,97,9,0.0208
37,98,34,0.0787
37,99,10,0.0231
37,100,8,0.0185
37,101,51,0.1181
37,102,7,0.0162
37,103,8,0.0185
37,104,5,0.0116
37,105,5,0.0116
37,106,7,0.0162
37,107,10,0.0231
37,108,7,0.0162
38,1,6,0.01
38,3,62,0.1035
38,4,49,0.0818
38,5,9,0.015
38,6,3,0.005
38,7,5,0.0083
38,8,10,0.0167
38,9,39,0.0651
38,10,12,0.02
38,11,20,0.0334
38,12,22,0.0367
38,13,22,0.0367
38,14,7,0.0117
38,15,4,0.0067
38,16,6,0.01
38,17,11,0.0184
38,18,68,0.1135
38,19,41,0.0684
38,21,12,0.02
38,22,14,0.0234
38,24,36,0.0601
38,25,10,0.0167
38,26,43,0.0718
38,27,3,0.005
38,28,9,0.015
38,29,5,0.0083
38,30,9,0.015
38,32,7,0.0117
38,33,7,0.0117
38,34,5,0.0083
38,35,13,0.0217
38,36,39,0.0651
38,37,34,0.0568
38,38,10,0.0167
38,39,27,0.0451
38,40,21,0.0351
38,41,9,0.015
38,42,55,0.0918
38,43,6,0.01
38,44,8,0.0134
38,45,9,0.015
38,46,16,0.0267
38,47,28,0.0467
38,48,7,0.0117
38,49,15,0.025
38,50,50,0.0835
38,51,6,0.01
38,52,24,0.0401
38,53,14,0.0234
38,54,9,0.015
38,55,6,0.01
38,56,8,0.0134
38,57,11,0.0184
38,61,7,0.0117
38,62,46,0.0768
38,63,7,0.0117
38,64,5,0.0083
38,65,5,0.0083
38,66,6,0.01
38,67,45,0.0751
38,68,5,0.0083
38,69,42,0.0701
38,70,11,0.0184
38,71,9,0.015
38,72,18,0.0301
38,73,12,0.02
38,74,12,0.02
38,75,10,0.0167
38,76,5,0.0083
38,77,10,0.0167
38,78,64,0.1068
38,79,9,0.015
38,80,14,0.0234
38,81,25,0.0417
38,82,37,0.0618
38,83,5,0.0083
38,84,15,0.025
38,85,12,0.02
38,86,17,0.0284
38,87,25,0.0417
38,88,10,0.0167
38,89,19,0.0317
38,90,10,0.0167
38,91,18,0.0301
38,92,8,0.0134
38,93,7,0.0117
38,94,3,0.005
38,95,14,0.0234
38,96,17,0.0284
38,97,18,0.0301
38,98,40,0.0668
38,99,6,0.01
38,100,3,0.005
38,101,54,0.0902
38,102,9,0.015
38,103,15,0.025
38,104,17,0.0284
38,105,10,0.0167
38,106,5,0.0083
38,107,12,0.02
38,108,8,0.0134
39,1,7,0.0068
39,2,61,0.0588
39,3,84,0.081
39,4,66,0.0636
39,5,6,0.0058
39,6,9,0.0087
39,7,10,0.0096
39,8,17,0.0164
39,9,8,0.0077
39,10,11,0.0106
39,11,27,0.026
39,12,29,0.028
39,13,10,0.0096
39,14,8,0.0077
39,15,6,0.0058
39,16,9,0.0087
39,17,14,0.0135
39,18,125,0.1205
39,19,15,0.0145
39,20,71,0.0685
39,21,15,0.0145
39,22,13,0.0125
39,23,94,0.0906
39,24,43,0.0415
39,25,13,0.0125
39,26,47,0.0453
39,27,12,0.0116
39,28,9,0.0087
39,29,8,0.0077
39,30,6,0.0058
39,31,72,0.0694
39,32,16,0.0154
39,33,12,0.0116
39,34,7,0.0068
39,35,11,0.0106
39,36,13,0.0125
39,37,17,0.0164
39,38,4,0.0039
39,39,13,0.0125
39,40,26,0.0251
39,41,7,0.0068
39,42,63,0.0608
39,43,10,0.0096
39,44,9,0.0087
39,45,33,0.0318
39,46,25,0.0241
39,47,16,0.0154
39,48,10,0.0096
39,49,18,0.0174
39,50,18,0.0174
39,51,9,0.0087
39,52,25,0.0241
39,53,18,0.0174
39,54,5,0.0048
39,55,10,0.0096
39,56,18,0.0174
39,57,10,0.0096
39,58,61,0.0588
39,59,64,0.0617
39,60,41,0.0395
39,61,12,0.0116
39,62,44,0.0424
39,63,12,0.0116
39,64,11,0.0106
39,65,11,0.0106
39,66,8,0.0077
39,67,10,0.0096
39,68,27,0.026
39,69,52,0.0501
39,70,12,0.0116
39,71,11,0.0106
39,72,22,0.0212
39,73,31,0.0299
39,74,12,0.0116
39,75,11,0.0106
39,76,27,0.026
39,77,15,0.0145
39,78,57,0.055
39,79,25,0.0241
39,80,119,0.1148
39,81,30,0.0289
39,82,57,0.055
39,83,7,0.0068
39,84,22,0.0212
39,85,11,0.0106
39,86,18,0.0174
39,87,21,0.0203
39,88,17,0.0164
39,89,122,0.1176
39,90,10,0.0096
39,91,24,0.0231
39,92,41,0.0395
39,93,47,0.0453
39,94,8,0.0077
39,95,15,0.0145
39,96,20,0.0193
39,97,14,0.0135
39,98,56,0.054
39,99,14,0.0135
39,100,33,0.0318
39,101,65,0.0627
39,102,41,0.0395
39,103,13,0.0125
39,104,24,0.0231
39,105,13,0.0125
39,106,7,0.0068
39,107,19,0.0183
39,108,10,0.0096
40,1,7,0.0189
40,3,8,0.0216
40,4,10,0.027
40,5,2,0.0054
40,6,3,0.0081
40,7,11,0.0297
40,8,35,0.0946
40,9,7,0.0189
40,10,22,0.0595
40,11,2,0.0054
40,12,3,0.0081
40,13,3,0.0081
40,14,2,0.0054
40,15,4,0.0108
40,16,9,0.0243
40,17,29,0.0784
40,18,6,0.0162
40,19,5,0.0135
40,21,20,0.0541
40,22,20,0.0541
40,24,6,0.0162
40,25,33,0.0892
40,26,6,0.0162
40,27,4,0.0108
40,28,5,0.0135
40,29,9,0.0243
40,30,5,0.0135
40,32,4,0.0108
40,33,20,0.0541
40,34,6,0.0162
40,35,16,0.0432
40,36,9,0.0243
40,37,12,0.0324
40,38,6,0.0162
40,39,11,0.0297
40,40,1,0.0027
40,41,4,0.0108
40,42,6,0.0162
40,43,6,0.0162
40,44,32,0.0865
40,45,4,0.0108
40,46,5,0.0135
40,47,5,0.0135
40,48,3,0.0081
40,49,11,0.0297
40,50,9,0.0243
40,51,26,0.0703
40,52,4,0.0108
40,53,15,0.0405
40,54,4,0.0108
40,55,4,0.0108
40,56,38,0.1027
40,57,23,0.0622
40,61,29,0.0784
40,62,4,0.0108
40,63,8,0.0216
40,64,5,0.0135
40,65,2,0.0054
40,66,6,0.0162
40,67,12,0.0324
40,68,1,0.0027
40,69,8,0.0216
40,70,18,0.0486
40,71,20,0.0541
40,72,2,0.0054
40,73,6,0.0162
40,74,26,0.0703
40,75,6,0.0162
40,76,4,0.0108
40,77,37,0.1
40,78,15,0.0405
40,79,5,0.0135
40,80,2,0.0054
40,81,4,0.0108
40,82,9,0.0243
40,83,4,0.0108
40,84,15,0.0405
40,85,8,0.0216
40,86,4,0.0108
40,87,3,0.0081
40,88,20,0.0541
40,89,16,0.0432
40,90,6,0.0162
40,91,2,0.0054
40,92,8,0.0216
40,93,4,0.0108
40,94,6,0.0162
40,95,27,0.073
40,96,3,0.0081
40,97,10,0.027
40,98,8,0.0216
40,99,21,0.0568
40,100,9,0.0243
40,101,10,0.027
40,102,5,0.0135
40,103,4,0.0108
40,104,6,0.0162
40,105,36,0.0973
40,106,6,0.0162
40,107,27,0.073
40,108,27,0.073
41,1,5,0.0126
41,3,52,0.1313
41,4,46,0.1162
41,5,9,0.0227
41,6,6,0.0152
41,7,4,0.0101
41,8,13,0.0328
41,9,36,0.0909
41,10,10,0.0253
41,11,2,0.0051
41,12,3,0.0076
41,13,5,0.0126
41,14,9,0.0227
41,15,3,0.0076
41,16,5,0.0126
41,17,15,0.0379
41,18,41,0.1035
41,19,37,0.0934
41,21,10,0.0253
41,22,8,0.0202
41,24,8,0.0202
41,25,14,0.0354
41,26,9,0.0227
41,27,4,0.0101
41,28,10,0.0253
41,29,3,0.0076
41,30,3,0.0076
41,32,7,0.0177
41,33,7,0.0177
41,34,4,0.0101
41,35,20,0.0505
41,36,50,0.1263
41,37,38,0.096
41,38,9,0.0227
41,39,37,0.0934
41,40,5,0.0126
41,41,6,0.0152
41,42,9,0.0227
41,43,3,0.0076
41,44,8,0.0202
41,45,9,0.0227
41,46,4,0.0101
41,47,4,0.0101
41,48,6,0.0152
41,49,14,0.0354
41,50,29,0.0732
41,51,6,0.0152
41,52,2,0.0051
41,53,14,0.0354
41,54,13,0.0328
41,55,8,0.0202
41,56,8,0.0202
41,57,11,0.0278
41,61,6,0.0152
41,62,6,0.0152
41,63,4,0.0101
41,64,4,0.0101
41,65,3,0.0076
41,66,9,0.0227
41,67,40,0.101
41,68,8,0.0202
41,69,14,0.0354
41,70,8,0.0202
41,71,3,0.0076
41,72,4,0.0101
41,73,5,0.0126
41,74,9,0.0227
41,75,8,0.0202
41,76,6,0.0152
41,77,6,0.0152
41,78,50,0.1263
41,79,7,0.0177
41,80,2,0.0051
41,81,4,0.0101
41,82,5,0.0126
41,83,6,0.0152
41,84,11,0.0278
41,85,5,0.0126
41,86,4,0.0101
41,87,10,0.0253
41,88,5,0.0126
41,89,16,0.0404
41,90,6,0.0152
41,91,3,0.0076
41,92,10,0.0253
41,93,10,0.0253
41,94,2,0.0051
41,95,10,0.0253
41,96,4,0.0101
41,97,10,0.0253
41,98,10,0.0253
41,99,10,0.0253
41,100,6,0.0152
41,101,59,0.149
41,102,8,0.0202
41,103,2,0.0051
41,105,13,0.0328
41,106,5,0.0126
41,107,8,0.0202
41,108,13,0.0328
42,1,18,0.0438
42,3,11,0.0268
42,4,11,0.0268
42,5,4,0.0097
42,6,23,0.056
42,7,26,0.0633
42,8,10,0.0243
42,9,10,0.0243
42,10,18,0.0438
42,11,15,0.0365
42,12,17,0.0414
42,13,15,0.0365
42,14,18,0.0438
42,15,5,0.0122
42,16,3,0.0073
42,17,8,0.0195
42,18,12,0.0292
42,19,8,0.0195
42,21,29,0.0706
42,22,23,0.056
42,24,4,0.0097
42,25,4,0.0097
42,26,7,0.017
42,27,6,0.0146
42,28,24,0.0584
42,29,6,0.0146
42,30,3,0.0073
42,32,5,0.0122
42,33,25,0.0608
42,34,3,0.0073
42,35,11,0.0268
42,36,13,0.0316
42,37,7,0.017
42,38,16,0.0389
42,39,5,0.0122
42,40,8,0.0195
42,41,20,0.0487
42,42,6,0.0146
42,43,4,0.0097
42,44,17,0.0414
42,45,4,0.0097
42,46,17,0.0414
42,47,15,0.0365
42,48,17,0.0414
42,49,8,0.0195
42,50,4,0.0097
42,51,25,0.0608
42,52,10,0.0243
42,53,10,0.0243
42,54,20,0.0487
42,55,7,0.017
42,56,4,0.0097
42,57,21,0.0511
42,61,16,0.0389
42,62,4,0.0097
42,63,5,0.0122
42,64,10,0.0243
42,65,2,0.0049
42,66,8,0.0195
42,67,15,0.0365
42,68,12,0.0292
42,69,11,0.0268
42,70,33,0.0803
42,71,15,0.0365
42,72,15,0.0365
42,73,7,0.017
42,74,21,0.0511
42,75,7,0.017
42,76,4,0.0097
42,77,7,0.017
42,78,14,0.0341
42,79,8,0.0195
42,80,15,0.0365
42,81,18,0.0438
42,82,5,0.0122
42,83,7,0.017
42,84,10,0.0243
42,85,7,0.017
42,86,15,0.0365
42,87,10,0.0243
42,88,26,0.0633
42,89,10,0.0243
42,90,2,0.0049
42,91,13,0.0316
42,92,9,0.0219
42,93,7,0.017
42,94,5,0.0122
42,95,24,0.0584
42,96,17,0.0414
42,97,9,0.0219
42,98,9,0.0219
42,99,32,0.0779
42,100,6,0.0146
42,101,5,0.0122
42,102,6,0.0146
42,103,22,0.0535
42,104,7,0.017
42,105,18,0.0438
42,106,4,0.0097
42,107,14,0.0341
42,108,34,0.0827
43,1,14,0.0344
43,3,15,0.0369
43,4,13,0.0319
43,5,4,0.0098
43,6,20,0.0491
43,7,20,0.0491
43,8,26,0.0639
43,9,8,0.0197
43,10,8,0.0197
43,11,16,0.0393
43,12,15,0.0369
43,13,14,0.0344
43,14,19,0.0467
43,15,2,0.0049
43,16,8,0.0197
43,17,35,0.086
43,18,22,0.0541
43,19,6,0.0147
43,21,4,0.0098
43,22,32,0.0786
43,24,5,0.0123
43,25,30,0.0737
43,26,6,0.0147
43,27,7,0.0172
43,28,17,0.0418
43,30,2,0.0049
43,32,6,0.0147
43,33,20,0.0491
43,34,3,0.0074
43,35,12,0.0295
43,36,6,0.0147
43,37,13,0.0319
43,38,16,0.0393
43,39,6,0.0147
43,40,13,0.0319
43,41,17,0.0418
43,42,10,0.0246
43,43,2,0.0049
43,44,24,0.059
43,45,3,0.0074
43,46,13,0.0319
43,47,17,0.0418
43,48,23,0.0565
43,49,9,0.0221
43,50,5,0.0123
43,51,6,0.0147
43,52,8,0.0197
43,53,6,0.0147
43,54,17,0.0418
43,55,4,0.0098
43,56,35,0.086
43,57,17,0.0418
43,61,4,0.0098
43,62,6,0.0147
43,63,10,0.0246
43,64,7,0.0172
43,65,2,0.0049
43,66,5,0.0123
43,67,13,0.0319
43,68,4,0.0098
43,69,5,0.0123
43,70,26,0.0639
43,71,11,0.027
43,72,15,0.0369
43,73,5,0.0123
43,74,6,0.0147
43,75,3,0.0074
43,76,3,0.0074
43,77,36,0.0885
43,78,9,0.0221
43,79,5,0.0123
43,80,23,0.0565
43,81,14,0.0344
43,82,5,0.0123
43,83,5,0.0123
43,84,12,0.0295
43,85,9,0.0221
43,86,18,0.0442
43,87,15,0.0369
43,88,5,0.0123
43,89,9,0.0221
43,90,7,0.0172
43,91,12,0.0295
43,92,4,0.0098
43,93,5,0.0123
43,94,4,0.0098
43,95,22,0.0541
43,96,9,0.0221
43,97,9,0.0221
43,98,9,0.0221
43,99,19,0.0467
43,100,3,0.0074
43,101,13,0.0319
43,102,5,0.0123
43,103,13,0.0319
43,104,17,0.0418
43,105,26,0.0639
43,106,3,0.0074
43,107,39,0.0958
43,108,8,0.0197
44,1,8,0.0075
44,2,61,0.057
44,3,14,0.0131
44,4,21,0.0196
44,5,11,0.0103
44,6,11,0.0103
44,7,10,0.0093
44,8,13,0.0121
44,9,40,0.0373
44,10,9,0.0084
44,11,31,0.0289
44,12,23,0.0215
44,13,25,0.0233
44,14,11,0.0103
44,15,10,0.0093
44,16,49,0.0458
44,17,20,0.0187
44,18,72,0.0672
44,19,45,0.042
44,20,51,0.0476
44,21,8,0.0075
44,22,10,0.0093
44,23,72,0.0672
44,24,46,0.043
44,25,15,0.014
44,26,39,0.0364
44,27,8,0.0075
44,28,9,0.0084
44,29,49,0.0458
44,30,9,0.0084
44,31,53,0.0495
44,32,34,0.0317
44,33,6,0.0056
44,34,4,0.0037
44,35,23,0.0215
44,36,59,0.0551
44,37,57,0.0532
44,38,21,0.0196
44,39,61,0.057
44,40,16,0.0149
44,41,11,0.0103
44,42,41,0.0383
44,43,4,0.0037
44,44,12,0.0112
44,45,9,0.0084
44,46,16,0.0149
44,47,12,0.0112
44,48,10,0.0093
44,49,22,0.0205
44,50,52,0.0486
44,51,13,0.0121
44,52,28,0.0261
44,53,19,0.0177
44,54,5,0.0047
44,55,8,0.0075
44,56,10,0.0093
44,57,16,0.0149
44,58,62,0.0579
44,59,80,0.0747
44,60,59,0.0551
44,61,8,0.0075
44,62,47,0.0439
44,63,40,0.0373
44,64,40,0.0373
44,65,10,0.0093
44,66,12,0.0112
44,67,55,0.0514
44,68,7,0.0065
44,69,59,0.0551
44,70,19,0.0177
44,71,17,0.0159
44,72,22,0.0205
44,73,12,0.0112
44,74,11,0.0103
44,75,42,0.0392
44,76,13,0.0121
44,77,13,0.0121
44,78,27,0.0252
44,79,5,0.0047
44,80,114,0.1064
44,81,22,0.0205
44,82,56,0.0523
44,83,11,0.0103
44,84,20,0.0187
44,85,41,0.0383
44,86,27,0.0252
44,87,21,0.0196
44,88,12,0.0112
44,89,141,0.1317
44,90,45,0.042
44,91,21,0.0196
44,92,7,0.0065
44,93,13,0.0121
44,94,8,0.0075
44,95,9,0.0084
44,96,36,0.0336
44,97,28,0.0261
44,98,55,0.0514
44,99,11,0.0103
44,100,9,0.0084
44,101,10,0.0093
44,102,17,0.0159
44,103,5,0.0047
44,104,27,0.0252
44,105,9,0.0084
44,106,12,0.0112
44,107,13,0.0121
44,108,12,0.0112
45,1,12,0.0152
45,3,20,0.0254
45,4,23,0.0292
45,5,5,0.0064
45,6,9,0.0114
45,7,7,0.0089
45,8,15,0.0191
45,9,52,0.0661
45,10,10,0.0127
45,11,22,0.028
45,12,29,0.0368
45,13,27,0.0343
45,14,9,0.0114
45,15,9,0.0114
45,16,45,0.0572
45,17,13,0.0165
45,18,19,0.0241
45,19,45,0.0572
45,21,21,0.0267
45,22,18,0.0229
45,24,60,0.0762
45,25,22,0.028
45,26,48,0.061
45,27,7,0.0089
45,28,7,0.0089
45,29,28,0.0356
45,30,3,0.0038
45,32,47,0.0597
45,33,18,0.0229
45,34,7,0.0089
45,35,18,0.0229
45,36,59,0.075
45,37,55,0.0699
45,38,7,0.0089
45,39,59,0.075
45,40,26,0.033
45,41,12,0.0152
45,42,58,0.0737
45,43,11,0.014
45,44,9,0.0114
45,45,19,0.0241
45,46,26,0.033
45,47,27,0.0343
45,48,17,0.0216
45,49,17,0.0216
45,50,49,0.0623
45,51,12,0.0152
45,52,19,0.0241
45,53,17,0.0216
45,54,16,0.0203
45,55,11,0.014
45,56,20,0.0254
45,57,17,0.0216
45,61,14,0.0178
45,62,54,0.0686
45,63,38,0.0483
45,64,51,0.0648
45,65,5,0.0064
45,66,7,0.0089
45,67,59,0.075
45,68,9,0.0114
45,69,56,0.0712
45,70,9,0.0114
45,71,18,0.0229
45,72,26,0.033
45,73,12,0.0152
45,74,8,0.0102
45,75,38,0.0483
45,76,9,0.0114
45,77,14,0.0178
45,78,17,0.0216
45,79,11,0.014
45,80,20,0.0254
45,81,26,0.033
45,82,57,0.0724
45,83,7,0.0089
45,84,27,0.0343
45,85,45,0.0572
45,86,32,0.0407
45,87,30,0.0381
45,88,11,0.014
45,89,53,0.0673
45,90,47,0.0597
45,91,30,0.0381
45,92,7,0.0089
45,93,6,0.0076
45,94,5,0.0064
45,95,12,0.0152
45,96,31,0.0394
45,97,25,0.0318
45,98,56,0.0712
45,99,18,0.0229
45,100,10,0.0127
45,101,18,0.0229
45,102,10,0.0127
45,103,9,0.0114
45,104,26,0.033
45,105,9,0.0114
45,106,8,0.0102
45,107,20,0.0254
45,108,13,0.0165
46,1,24,0.0565
46,3,9,0.0212
46,4,8,0.0188
46,5,7,0.0165
46,6,25,0.0588
46,7,20,0.0471
46,8,8,0.0188
46,9,12,0.0282
46,10,8,0.0188
46,11,4,0.0094
46,12,3,0.0071
46,13,4,0.0094
46,14,21,0.0494
46,15,4,0.0094
46,16,25,0.0588
46,17,13,0.0306
46,18,11,0.0259
46,19,4,0.0094
46,21,7,0.0165
46,22,34,0.08
46,24,28,0.0659
46,25,11,0.0259
46,26,32,0.0753
46,27,1,0.0024
46,28,13,0.0306
46,29,30,0.0706
46,30,2,0.0047
46,32,20,0.0471
46,33,29,0.0682
46,34,2,0.0047
46,35,10,0.0235
46,36,15,0.0353
46,37,10,0.0235
46,38,24,0.0565
46,39,12,0.0282
46,40,7,0.0165
46,41,17,0.04
46,42,33,0.0776
46,43,7,0.0165
46,44,22,0.0518
46,45,3,0.0071
46,46,4,0.0094
46,47,4,0.0094
46,48,22,0.0518
46,49,9,0.0212
46,50,7,0.0165
46,51,10,0.0235
46,52,2,0.0047
46,53,16,0.0376
46,54,24,0.0565
46,55,4,0.0094
46,56,12,0.0282
46,57,22,0.0518
46,61,5,0.0118
46,62,20,0.0471
46,63,25,0.0588
46,64,29,0.0682
46,65,2,0.0047
46,66,2,0.0047
46,67,7,0.0165
46,68,7,0.0165
46,69,26,0.0612
46,70,36,0.0847
46,71,4,0.0094
46,72,9,0.0212
46,73,9,0.0212
46,74,3,0.0071
46,75,14,0.0329
46,76,6,0.0141
46,77,10,0.0235
46,78,12,0.0282
46,79,6,0.0141
46,80,4,0.0094
46,82,28,0.0659
46,83,4,0.0094
46,84,5,0.0118
46,85,28,0.0659
46,86,5,0.0118
46,87,3,0.0071
46,88,5,0.0118
46,89,32,0.0753
46,90,24,0.0565
46,91,3,0.0071
46,92,4,0.0094
46,93,7,0.0165
46,94,4,0.0094
46,95,26,0.0612
46,96,1,0.0024
46,97,9,0.0212
46,98,29,0.0682
46,99,25,0.0588
46,100,4,0.0094
46,101,13,0.0306
46,102,4,0.0094
46,103,17,0.04
46,104,3,0.0071
46,105,22,0.0518
46,106,10,0.0235
46,107,5,0.0118
46,108,3,0.0071
47,1,34,0.0648
47,3,18,0.0343
47,4,22,0.0419
47,5,5,0.0095
47,6,30,0.0571
47,7,21,0.04
47,8,48,0.0914
47,9,9,0.0171
47,10,7,0.0133
47,11,4,0.0076
47,12,5,0.0095
47,13,4,0.0076
47,14,26,0.0495
47,15,4,0.0076
47,16,11,0.021
47,17,51,0.0971
47,18,14,0.0267
47,19,11,0.021
47,21,4,0.0076
47,22,43,0.0819
47,24,13,0.0248
47,25,57,0.1086
47,26,4,0.0076
47,27,8,0.0152
47,28,22,0.0419
47,29,6,0.0114
47,30,7,0.0133
47,32,10,0.019
47,33,46,0.0876
47,34,7,0.0133
47,35,17,0.0324
47,36,11,0.021
47,37,13,0.0248
47,38,38,0.0724
47,39,8,0.0152
47,40,4,0.0076
47,41,31,0.059
47,42,8,0.0152
47,43,6,0.0114
47,44,44,0.0838
47,45,6,0.0114
47,46,5,0.0095
47,47,5,0.0095
47,48,35,0.0667
47,49,20,0.0381
47,50,12,0.0229
47,51,6,0.0114
47,52,2,0.0038
47,53,12,0.0229
47,54,33,0.0629
47,55,10,0.019
47,56,44,0.0838
47,57,34,0.0648
47,61,9,0.0171
47,62,15,0.0286
47,63,9,0.0171
47,64,9,0.0171
47,65,6,0.0114
47,66,9,0.0171
47,67,5,0.0095
47,68,8,0.0152
47,69,12,0.0229
47,70,32,0.061
47,71,12,0.0229
47,72,5,0.0095
47,73,7,0.0133
47,74,10,0.019
47,75,11,0.021
47,76,9,0.0171
47,77,35,0.0667
47,78,15,0.0286
47,79,9,0.0171
47,80,8,0.0152
47,81,4,0.0076
47,82,14,0.0267
47,83,4,0.0076
47,84,17,0.0324
47,85,6,0.0114
47,86,1,0.0019
47,87,4,0.0076
47,88,5,0.0095
47,89,16,0.0305
47,90,8,0.0152
47,91,6,0.0114
47,92,8,0.0152
47,93,8,0.0152
47,94,2,0.0038
47,95,28,0.0533
47,96,6,0.0114
47,97,12,0.0229
47,98,7,0.0133
47,99,37,0.0705
47,100,8,0.0152
47,101,10,0.019
47,102,7,0.0133
47,103,32,0.061
47,104,6,0.0114
47,105,44,0.0838
47,106,7,0.0133
47,107,51,0.0971
47,108,6,0.0114
48,1,8,0.0154
48,3,60,0.1154
48,4,65,0.125
48,5,6,0.0115
48,6,14,0.0269
48,7,8,0.0154
48,8,53,0.1019
48,9,6,0.0115
48,10,9,0.0173
48,11,5,0.0096
48,12,4,0.0077
48,13,9,0.0173
48,14,5,0.0096
48,15,6,0.0115
48,16,7,0.0135
48,17,57,0.1096
48,18,62,0.1192
48,19,7,0.0135
48,21,8,0.0154
48,22,26,0.05
48,24,5,0.0096
48,25,48,0.0923
48,26,15,0.0288
48,27,6,0.0115
48,28,5,0.0096
48,29,5,0.0096
48,32,9,0.0173
48,33,30,0.0577
48,34,7,0.0135
48,35,17,0.0327
48,36,7,0.0135
48,37,5,0.0096
48,38,5,0.0096
48,39,13,0.025
48,40,2,0.0038
48,41,6,0.0115
48,42,14,0.0269
48,43,6,0.0115
48,44,33,0.0635
48,45,10,0.0192
48,46,5,0.0096
48,47,4,0.0077
48,48,4,0.0077
48,49,10,0.0192
48,50,12,0.0231
48,51,10,0.0192
48,52,4,0.0077
48,53,10,0.0192
48,54,8,0.0154
48,55,5,0.0096
48,56,57,0.1096
48,57,39,0.075
48,61,12,0.0231
48,62,9,0.0173
48,63,6,0.0115
48,64,12,0.0231
48,65,10,0.0192
48,66,3,0.0058
48,67,10,0.0192
48,68,7,0.0135
48,69,6,0.0115
48,70,39,0.075
48,71,8,0.0154
48,72,4,0.0077
48,73,7,0.0135
48,74,7,0.0135
48,75,14,0.0269
48,76,2,0.0038
48,77,40,0.0769
48,78,67,0.1288
48,79,8,0.0154
48,80,8,0.0154
48,81,3,0.0058
48,82,10,0.0192
48,83,3,0.0058
48,84,21,0.0404
48,85,8,0.0154
48,86,2,0.0038
48,87,8,0.0154
48,88,9,0.0173
48,89,15,0.0288
48,90,8,0.0154
48,91,3,0.0058
48,92,5,0.0096
48,93,2,0.0038
48,94,6,0.0115
48,95,37,0.0712
48,96,4,0.0077
48,97,13,0.025
48,98,8,0.0154
48,99,51,0.0981
48,100,7,0.0135
48,101,58,0.1115
48,102,6,0.0115
48,103,8,0.0154
48,104,3,0.0058
48,105,28,0.0538
48,106,10,0.0192
48,107,52,0.1
48,108,11,0.0212
49,1,1,0.004
49,3,41,0.1621
49,4,27,0.1067
49,5,2,0.0079
49,6,1,0.004
49,7,2,0.0079
49,8,9,0.0356
49,9,12,0.0474
49,10,7,0.0277
49,11,2,0.0079
49,12,1,0.004
49,13,1,0.004
49,14,2,0.0079
49,15,4,0.0158
49,16,5,0.0198
49,17,6,0.0237
49,18,33,0.1304
49,19,11,0.0435
49,21,7,0.0277
49,22,5,0.0198
49,24,15,0.0593
49,25,5,0.0198
49,26,25,0.0988
49,27,4,0.0158
49,28,8,0.0316
49,29,4,0.0158
49,30,3,0.0119
49,32,2,0.0079
49,33,7,0.0277
49,34,3,0.0119
49,35,4,0.0158
49,36,13,0.0514
49,37,27,0.1067
49,38,7,0.0277
49,39,15,0.0593
49,40,3,0.0119
49,41,3,0.0119
49,42,16,0.0632
49,43,3,0.0119
49,44,4,0.0158
49,45,5,0.0198
49,46,3,0.0119
49,47,2,0.0079
49,48,3,0.0119
49,49,3,0.0119
49,50,18,0.0711
49,51,4,0.0158
49,52,1,0.004
49,53,9,0.0356
49,54,4,0.0158
49,55,3,0.0119
49,56,2,0.0079
49,57,6,0.0237
49,61,3,0.0119
49,62,17,0.0672
49,63,4,0.0158
49,64,5,0.0198
49,65,4,0.0158
49,66,6,0.0237
49,67,17,0.0672
49,68,4,0.0158
49,69,19,0.0751
49,70,10,0.0395
49,71,6,0.0237
49,72,1,0.004
49,73,2,0.0079
49,74,7,0.0277
49,75,5,0.0198
49,76,4,0.0158
49,77,7,0.0277
49,78,22,0.087
49,79,5,0.0198
49,80,4,0.0158
49,81,3,0.0119
49,82,15,0.0593
49,83,3,0.0119
49,84,3,0.0119
49,85,5,0.0198
49,86,3,0.0119
49,87,1,0.004
49,88,3,0.0119
49,89,9,0.0356
49,90,5,0.0198
49,91,1,0.004
49,92,3,0.0119
49,93,3,0.0119
49,94,2,0.0079
49,95,3,0.0119
49,96,4,0.0158
49,97,8,0.0316
49,98,15,0.0593
49,99,2,0.0079
49,100,6,0.0237
49,101,38,0.1502
49,102,7,0.0277
49,103,4,0.0158
49,104,2,0.0079
49,105,5,0.0198
49,106,3,0.0119
49,107,6,0.0237
49,108,8,0.0316
50,1,7,0.0169
50,3,33,0.0797
50,4,52,0.1256
50,5,15,0.0362
50,6,9,0.0217
50,7,8,0.0193
50,8,8,0.0193
50,9,7,0.0169
50,10,4,0.0097
50,11,7,0.0169
50,12,4,0.0097
50,13,5,0.0121
50,14,7,0.0169
50,15,19,0.0459
50,16,10,0.0242
50,17,15,0.0362
50,18,43,0.1039
50,19,11,0.0266
50,21,7,0.0169
50,22,9,0.0217
50,24,31,0.0749
50,25,8,0.0193
50,26,29,0.07
50,27,23,0.0556
50,28,10,0.0242
50,29,6,0.0145
50,30,19,0.0459
50,32,7,0.0169
50,33,10,0.0242
50,34,26,0.0628
50,35,14,0.0338
50,36,4,0.0097
50,37,9,0.0217
50,38,7,0.0169
50,39,3,0.0072
50,40,5,0.0121
50,41,6,0.0145
50,42,40,0.0966
50,43,25,0.0604
50,44,4,0.0097
50,45,3,0.0072
50,46,5,0.0121
50,47,6,0.0145
50,48,6,0.0145
50,49,9,0.0217
50,50,7,0.0169
50,51,17,0.0411
50,52,4,0.0097
50,53,12,0.029
50,54,8,0.0193
50,55,21,0.0507
50,56,16,0.0386
50,57,2,0.0048
50,61,11,0.0266
50,62,30,0.0725
50,63,3,0.0072
50,64,5,0.0121
50,65,19,0.0459
50,66,23,0.0556
50,67,9,0.0217
50,68,3,0.0072
50,69,30,0.0725
50,70,10,0.0242
50,71,5,0.0121
50,72,1,0.0024
50,73,4,0.0097
50,74,13,0.0314
50,75,4,0.0097
50,76,5,0.0121
50,77,9,0.0217
50,78,38,0.0918
50,79,5,0.0121
50,80,4,0.0097
50,81,6,0.0145
50,82,39,0.0942
50,83,19,0.0459
50,84,7,0.0169
50,85,10,0.0242
50,86,3,0.0072
50,87,1,0.0024
50,88,10,0.0242
50,89,10,0.0242
50,90,5,0.0121
50,91,2,0.0048
50,92,15,0.0362
50,93,6,0.0145
50,94,24,0.058
50,95,5,0.0121
50,96,1,0.0024
50,97,11,0.0266
50,98,43,0.1039
50,99,8,0.0193
50,100,5,0.0121
50,101,50,0.1208
50,102,6,0.0145
50,103,5,0.0121
50,104,4,0.0097
50,105,8,0.0193
50,106,20,0.0483
50,107,9,0.0217
50,108,7,0.0169
